SlNo,State_Code,State,District_Key,District,Confirmed,Active,Recovered,Deceased,Migrated_Other,Delta_Confirmed,Delta_Active,Delta_Recovered,Delta_Deceased,District_Notes,Last_Updated
0,UN,State Unassigned,UN_Unassigned,Unassigned,0,0,0,0,0,0,0,0,0,,
1,AN,Andaman and Nicobar Islands,AN_Nicobars,Nicobars,0,0,0,0,0,0,0,0,0,District-wise numbers are out-dated as cumulative counts for each district are not reported in bulletin,
2,AN,Andaman and Nicobar Islands,AN_North and Middle Andaman,North and Middle Andaman,1,0,1,0,0,0,0,0,0,District-wise numbers are out-dated as cumulative counts for each district are not reported in bulletin,
3,AN,Andaman and Nicobar Islands,AN_South Andaman,South Andaman,51,19,32,0,0,0,0,0,0,District-wise numbers are out-dated as cumulative counts for each district are not reported in bulletin,
0,AP,Andhra Pradesh,AP_Foreign Evacuees,Foreign Evacuees,434,0,434,0,0,0,0,0,0,,
4,AP,Andhra Pradesh,AP_Anantapur,Anantapur,67323,145,66581,597,0,0,0,0,0,,
5,AP,Andhra Pradesh,AP_Chittoor,Chittoor,86080,353,84886,841,0,0,0,0,0,,
6,AP,Andhra Pradesh,AP_East Godavari,East Godavari,123653,357,122660,636,0,0,0,0,0,,
7,AP,Andhra Pradesh,AP_Guntur,Guntur,74719,513,73542,664,0,0,0,0,0,,
8,AP,Andhra Pradesh,AP_Krishna,Krishna,47742,545,46531,666,0,0,0,0,0,,
9,AP,Andhra Pradesh,AP_Kurnool,Kurnool,60555,57,60011,487,0,0,0,0,0,,
0,AP,Andhra Pradesh,AP_Other State,Other State,2461,0,2461,0,0,0,0,0,0,,
10,AP,Andhra Pradesh,AP_Prakasam,Prakasam,62014,104,61331,579,0,0,0,0,0,,
11,AP,Andhra Pradesh,AP_S.P.S. Nellore,S.P.S. Nellore,62076,472,61099,505,0,0,0,0,0,,
12,AP,Andhra Pradesh,AP_Srikakulam,Srikakulam,45938,95,45497,346,0,0,0,0,0,,
13,AP,Andhra Pradesh,AP_Visakhapatnam,Visakhapatnam,59134,250,58334,550,0,0,0,0,0,,
14,AP,Andhra Pradesh,AP_Vizianagaram,Vizianagaram,41014,45,40731,238,0,0,0,0,0,,
15,AP,Andhra Pradesh,AP_West Godavari,West Godavari,93833,151,93147,535,0,0,0,0,0,,
16,AP,Andhra Pradesh,AP_Y.S.R. Kadapa,Y.S.R. Kadapa,54972,169,54343,460,0,0,0,0,0,,
17,AR,Arunachal Pradesh,AR_Anjaw,Anjaw,204,0,204,0,0,0,0,0,0,,
18,AR,Arunachal Pradesh,AR_Changlang,Changlang,1273,1,1268,4,0,0,0,0,0,,
19,AR,Arunachal Pradesh,AR_East Kameng,East Kameng,304,0,304,0,0,0,0,0,0,,
20,AR,Arunachal Pradesh,AR_East Siang,East Siang,1126,10,1112,4,0,0,0,0,0,,
21,AR,Arunachal Pradesh,AR_Kamle,Kamle,29,0,29,0,0,0,0,0,0,,
22,AR,Arunachal Pradesh,AR_Kra Daadi,Kra Daadi,37,0,37,0,0,0,0,0,0,,
23,AR,Arunachal Pradesh,AR_Kurung Kumey,Kurung Kumey,117,0,117,0,0,0,0,0,0,,
24,AR,Arunachal Pradesh,AR_Lepa Rada,Lepa Rada,277,0,277,0,0,0,0,0,0,,
25,AR,Arunachal Pradesh,AR_Lohit,Lohit,568,1,567,0,0,0,0,0,0,,
26,AR,Arunachal Pradesh,AR_Longding,Longding,249,1,248,0,0,0,0,0,0,,
27,AR,Arunachal Pradesh,AR_Lower Dibang Valley,Lower Dibang Valley,474,3,471,0,0,0,0,0,0,,
28,AR,Arunachal Pradesh,AR_Lower Siang,Lower Siang,286,1,285,0,0,0,0,0,0,,
29,AR,Arunachal Pradesh,AR_Lower Subansiri,Lower Subansiri,381,0,380,1,0,0,0,0,0,,
30,AR,Arunachal Pradesh,AR_Namsai,Namsai,429,4,421,4,0,0,0,0,0,,
31,AR,Arunachal Pradesh,AR_Pakke Kessang,Pakke Kessang,129,0,129,0,0,0,0,0,0,,
32,AR,Arunachal Pradesh,AR_Papum Pare,Papum Pare,6754,39,6686,29,0,0,0,0,0,,
33,AR,Arunachal Pradesh,AR_Shi Yomi,Shi Yomi,104,0,104,0,0,0,0,0,0,,
34,AR,Arunachal Pradesh,AR_Siang,Siang,133,1,131,1,0,0,0,0,0,,
35,AR,Arunachal Pradesh,AR_Tawang,Tawang,477,30,445,2,0,0,0,0,0,,
36,AR,Arunachal Pradesh,AR_Tirap,Tirap,586,1,583,2,0,0,0,0,0,,
37,AR,Arunachal Pradesh,AR_Upper Dibang Valley,Upper Dibang Valley,23,0,23,0,0,0,0,0,0,,
38,AR,Arunachal Pradesh,AR_Upper Siang,Upper Siang,360,1,359,0,0,0,0,0,0,,
39,AR,Arunachal Pradesh,AR_Upper Subansiri,Upper Subansiri,441,0,439,2,0,0,0,0,0,,
40,AR,Arunachal Pradesh,AR_West Kameng,West Kameng,921,11,906,4,0,0,0,0,0,,
41,AR,Arunachal Pradesh,AR_West Siang,West Siang,1029,2,1024,3,0,0,0,0,0,,
0,AS,Assam,AS_Airport Quarantine,Airport Quarantine,13,0,13,0,0,0,0,0,0,,
42,AS,Assam,AS_Baksa,Baksa,687,233,447,7,0,0,0,0,0,,
43,AS,Assam,AS_Barpeta,Barpeta,1121,84,1024,13,0,0,0,0,0,,
44,AS,Assam,AS_Biswanath,Biswanath,467,80,379,8,0,0,0,0,0,,
45,AS,Assam,AS_Bongaigaon,Bongaigaon,1303,462,834,7,0,0,0,0,0,,
46,AS,Assam,AS_Cachar,Cachar,6216,4677,1498,41,0,0,0,0,0,,
47,AS,Assam,AS_Charaideo,Charaideo,113,-3,105,11,0,0,0,0,0,,
48,AS,Assam,AS_Chirang,Chirang,280,53,219,8,0,0,0,0,0,,
49,AS,Assam,AS_Darrang,Darrang,1967,219,1730,18,0,0,0,0,0,,
50,AS,Assam,AS_Dhemaji,Dhemaji,765,317,440,8,0,0,0,0,0,,
51,AS,Assam,AS_Dhubri,Dhubri,1723,496,1215,12,0,0,0,0,0,,
52,AS,Assam,AS_Dibrugarh,Dibrugarh,9486,6975,2409,102,0,0,0,0,0,,
53,AS,Assam,AS_Dima Hasao,Dima Hasao,237,36,199,2,0,0,0,0,0,,
54,AS,Assam,AS_Goalpara,Goalpara,658,38,568,10,0,0,0,0,0,,
55,AS,Assam,AS_Golaghat,Golaghat,3803,2101,1656,46,0,0,0,0,0,,
56,AS,Assam,AS_Hailakandi,Hailakandi,1632,509,1116,7,0,0,0,0,0,,
57,AS,Assam,AS_Hojai,Hojai,1646,472,1160,14,0,0,0,0,0,,
58,AS,Assam,AS_Jorhat,Jorhat,8771,6965,1752,54,0,0,0,0,0,,
59,AS,Assam,AS_Kamrup,Kamrup,4590,2481,2074,35,0,0,0,0,0,,
60,AS,Assam,AS_Kamrup Metropolitan,Kamrup Metropolitan,50161,34639,15370,152,0,0,0,0,0,,
61,AS,Assam,AS_Karbi Anglong,Karbi Anglong,632,69,552,11,0,0,0,0,0,,
62,AS,Assam,AS_Karimganj,Karimganj,1200,219,955,26,0,0,0,0,0,,
63,AS,Assam,AS_Kokrajhar,Kokrajhar,408,43,353,12,0,0,0,0,0,,
64,AS,Assam,AS_Lakhimpur,Lakhimpur,3006,1847,1135,24,0,0,0,0,0,,
65,AS,Assam,AS_Majuli,Majuli,165,79,80,6,0,0,0,0,0,,
66,AS,Assam,AS_Morigaon,Morigaon,638,72,557,9,0,0,0,0,0,,
67,AS,Assam,AS_Nagaon,Nagaon,4515,1983,2506,26,0,0,0,0,0,,
68,AS,Assam,AS_Nalbari,Nalbari,948,103,828,17,0,0,0,0,0,,
0,AS,Assam,AS_Other State,Other State,1,0,1,0,0,0,0,0,0,,
69,AS,Assam,AS_Sivasagar,Sivasagar,529,21,473,35,0,0,0,0,0,,
70,AS,Assam,AS_Sonitpur,Sonitpur,2548,802,1727,19,0,0,0,0,0,,
71,AS,Assam,AS_South Salmara Mankachar,South Salmara Mankachar,51,3,47,1,0,0,0,0,0,,
72,AS,Assam,AS_Tinsukia,Tinsukia,3366,1525,1798,43,0,0,0,0,0,,
73,AS,Assam,AS_Udalguri,Udalguri,758,84,666,8,0,0,0,0,0,,
74,AS,Assam,AS_West Karbi Anglong,West Karbi Anglong,39,1,37,1,0,0,0,0,0,,
75,BR,Bihar,BR_Araria,Araria,7157,50,7085,22,0,0,0,0,0,,
76,BR,Bihar,BR_Arwal,Arwal,2313,53,2249,11,0,0,0,0,0,,
77,BR,Bihar,BR_Aurangabad,Aurangabad,5186,85,5086,15,0,0,0,0,0,,
78,BR,Bihar,BR_Banka,Banka,3446,101,3326,19,0,0,0,0,0,,
79,BR,Bihar,BR_Begusarai,Begusarai,7707,134,7539,34,0,0,0,0,0,,
80,BR,Bihar,BR_Bhagalpur,Bhagalpur,9369,129,9164,76,0,0,0,0,0,,
81,BR,Bihar,BR_Bhojpur,Bhojpur,4968,39,4887,42,0,0,0,0,0,,
82,BR,Bihar,BR_Buxar,Buxar,3973,37,3918,18,0,0,0,0,0,,
83,BR,Bihar,BR_Darbhanga,Darbhanga,4038,47,3959,32,0,0,0,0,0,,
101,BR,Bihar,BR_East Champaran,East Champaran,8320,69,8201,50,0,0,0,0,0,,
84,BR,Bihar,BR_Gaya,Gaya,7772,111,7602,59,0,0,0,0,0,,
85,BR,Bihar,BR_Gopalganj,Gopalganj,5722,54,5653,15,0,0,0,0,0,,
86,BR,Bihar,BR_Jamui,Jamui,3141,20,3111,10,0,0,0,0,0,,
87,BR,Bihar,BR_Jehanabad,Jehanabad,4461,71,4370,20,0,0,0,0,0,,
88,BR,Bihar,BR_Kaimur,Kaimur,2062,17,2035,10,0,0,0,0,0,,
89,BR,Bihar,BR_Katihar,Katihar,7168,59,7097,12,0,0,0,0,0,,
90,BR,Bihar,BR_Khagaria,Khagaria,3070,20,3038,12,0,0,0,0,0,,
91,BR,Bihar,BR_Kishanganj,Kishanganj,4279,114,4152,13,0,0,0,0,0,,
92,BR,Bihar,BR_Lakhisarai,Lakhisarai,3717,141,3567,9,0,0,0,0,0,,
93,BR,Bihar,BR_Madhepura,Madhepura,4815,37,4761,17,0,0,0,0,0,,
94,BR,Bihar,BR_Madhubani,Madhubani,7599,40,7526,33,0,0,0,0,0,,
95,BR,Bihar,BR_Munger,Munger,4148,49,4049,50,0,0,0,0,0,,
96,BR,Bihar,BR_Muzaffarpur,Muzaffarpur,11568,264,11259,45,0,0,0,0,0,,
97,BR,Bihar,BR_Nalanda,Nalanda,8113,95,7962,56,0,0,0,0,0,,
98,BR,Bihar,BR_Nawada,Nawada,4146,140,3983,23,0,0,0,0,0,,
100,BR,Bihar,BR_Patna,Patna,48758,1864,46516,378,0,0,0,0,0,,
102,BR,Bihar,BR_Purnia,Purnia,9256,59,9174,23,0,0,0,0,0,,
103,BR,Bihar,BR_Rohtas,Rohtas,6684,39,6600,45,0,0,0,0,0,,
104,BR,Bihar,BR_Saharsa,Saharsa,6732,86,6634,12,0,0,0,0,0,,
105,BR,Bihar,BR_Samastipur,Samastipur,5182,35,5113,34,0,0,0,0,0,,
106,BR,Bihar,BR_Saran,Saran,7127,213,6861,53,0,0,0,0,0,,
107,BR,Bihar,BR_Sheikhpura,Sheikhpura,2977,5,2959,13,0,0,0,0,0,,
108,BR,Bihar,BR_Sheohar,Sheohar,1440,34,1405,1,0,0,0,0,0,,
109,BR,Bihar,BR_Sitamarhi,Sitamarhi,4354,70,4270,14,0,0,0,0,0,,
110,BR,Bihar,BR_Siwan,Siwan,4675,65,4579,31,0,0,0,0,0,,
111,BR,Bihar,BR_Supaul,Supaul,5577,33,5526,18,0,0,0,0,0,,
112,BR,Bihar,BR_Vaishali,Vaishali,5400,68,5285,46,1,0,0,0,0,,
99,BR,Bihar,BR_West Champaran,West Champaran,5980,73,5885,22,0,0,0,0,0,,
113,CH,Chandigarh,CH_Chandigarh,Chandigarh,19682,399,18967,316,0,0,0,0,0,,
0,CT,Chhattisgarh,CT_Other State,Other State,454,61,338,55,0,0,0,0,0,,
114,CT,Chhattisgarh,CT_Balod,Balod,9026,564,8377,85,0,0,0,0,0,,
115,CT,Chhattisgarh,CT_Baloda Bazar,Baloda Bazar,8858,111,8619,128,0,0,0,0,0,,
116,CT,Chhattisgarh,CT_Balrampur,Balrampur,3411,146,3253,12,0,0,0,0,0,,
117,CT,Chhattisgarh,CT_Bametara,Bametara,4467,260,4154,53,0,0,0,0,0,,
118,CT,Chhattisgarh,CT_Bastar,Bastar,7566,175,7308,83,0,0,0,0,0,,
119,CT,Chhattisgarh,CT_Bijapur,Bijapur,3980,19,3933,28,0,0,0,0,0,,
120,CT,Chhattisgarh,CT_Bilaspur,Bilaspur,17888,432,17267,189,0,0,0,0,0,,
121,CT,Chhattisgarh,CT_Dakshin Bastar Dantewada,Dakshin Bastar Dantewada,5831,9,5806,16,0,0,0,0,0,,
122,CT,Chhattisgarh,CT_Dhamtari,Dhamtari,7873,523,7243,107,0,0,0,0,0,,
123,CT,Chhattisgarh,CT_Durg,Durg,22601,1502,20535,564,0,0,0,0,0,,
124,CT,Chhattisgarh,CT_Gariaband,Gariaband,3938,33,3858,47,0,0,0,0,0,,
125,CT,Chhattisgarh,CT_Janjgir Champa,Janjgir Champa,18571,135,18219,217,0,0,0,0,0,,
126,CT,Chhattisgarh,CT_Jashpur,Jashpur,3324,184,3117,23,0,0,0,0,0,,
127,CT,Chhattisgarh,CT_Kabeerdham,Kabeerdham,5514,21,5424,69,0,0,0,0,0,,
128,CT,Chhattisgarh,CT_Kondagaon,Kondagaon,4990,17,4947,26,0,0,0,0,0,,
129,CT,Chhattisgarh,CT_Korba,Korba,15987,161,15716,110,0,0,0,0,0,,
130,CT,Chhattisgarh,CT_Koriya,Koriya,4711,80,4594,37,0,0,0,0,0,,
131,CT,Chhattisgarh,CT_Mahasamund,Mahasamund,7914,273,7525,116,0,0,0,0,0,,
132,CT,Chhattisgarh,CT_Mungeli,Mungeli,3829,37,3768,24,0,0,0,0,0,,
133,CT,Chhattisgarh,CT_Narayanpur,Narayanpur,1915,42,1871,2,0,0,0,0,0,,
134,CT,Chhattisgarh,CT_Raigarh,Raigarh,21233,219,20732,282,0,0,0,0,0,,
135,CT,Chhattisgarh,CT_Raipur,Raipur,52529,4462,47350,717,0,0,0,0,0,,
136,CT,Chhattisgarh,CT_Rajnandgaon,Rajnandgaon,18260,1196,16897,167,0,0,0,0,0,,
137,CT,Chhattisgarh,CT_Sukma,Sukma,3717,51,3656,10,0,0,0,0,0,,
138,CT,Chhattisgarh,CT_Surajpur,Surajpur,5681,510,5135,36,0,0,0,0,0,,
139,CT,Chhattisgarh,CT_Surguja,Surguja,7396,462,6852,82,0,0,0,0,0,,
140,CT,Chhattisgarh,CT_Uttar Bastar Kanker,Uttar Bastar Kanker,6015,79,5880,56,0,0,0,0,0,,
766,CT,Chhattisgarh,CT_Gaurela Pendra Marwahi,Gaurela Pendra Marwahi,1061,175,877,9,0,0,0,0,0,,
144,DL,Delhi,DL_Central Delhi,Central Delhi,184,184,0,0,0,0,0,0,0,District-wise numbers are out-dated as cumulative counts for each district are not reported in bulletin,
145,DL,Delhi,DL_East Delhi,East Delhi,38,38,0,0,0,0,0,0,0,District-wise numbers are out-dated as cumulative counts for each district are not reported in bulletin,
146,DL,Delhi,DL_New Delhi,New Delhi,37,37,0,0,0,0,0,0,0,District-wise numbers are out-dated as cumulative counts for each district are not reported in bulletin,
147,DL,Delhi,DL_North Delhi,North Delhi,60,60,0,0,0,0,0,0,0,District-wise numbers are out-dated as cumulative counts for each district are not reported in bulletin,
148,DL,Delhi,DL_North East Delhi,North East Delhi,25,25,0,0,0,0,0,0,0,District-wise numbers are out-dated as cumulative counts for each district are not reported in bulletin,
149,DL,Delhi,DL_North West Delhi,North West Delhi,32,31,0,1,0,0,0,0,0,District-wise numbers are out-dated as cumulative counts for each district are not reported in bulletin,
150,DL,Delhi,DL_Shahdara,Shahdara,48,48,0,0,0,0,0,0,0,District-wise numbers are out-dated as cumulative counts for each district are not reported in bulletin,
151,DL,Delhi,DL_South Delhi,South Delhi,70,70,0,0,0,0,0,0,0,District-wise numbers are out-dated as cumulative counts for each district are not reported in bulletin,
152,DL,Delhi,DL_South East Delhi,South East Delhi,130,130,0,0,0,0,0,0,0,District-wise numbers are out-dated as cumulative counts for each district are not reported in bulletin,
153,DL,Delhi,DL_South West Delhi,South West Delhi,42,42,0,0,0,0,0,0,0,District-wise numbers are out-dated as cumulative counts for each district are not reported in bulletin,
154,DL,Delhi,DL_West Delhi,West Delhi,122,122,0,0,0,0,0,0,0,District-wise numbers are out-dated as cumulative counts for each district are not reported in bulletin,
0,DN,Dadra and Nagar Haveli and Daman and Diu,DN_Other State,Other State,0,0,0,0,0,0,0,0,0,,
141,DN,Dadra and Nagar Haveli and Daman and Diu,DN_Dadra and Nagar Haveli,Dadra and Nagar Haveli,1645,5,1634,1,5,0,0,0,0,,
142,DN,Dadra and Nagar Haveli and Daman and Diu,DN_Daman,Daman,1404,3,1376,1,24,0,0,0,0,,
143,DN,Dadra and Nagar Haveli and Daman and Diu,DN_Diu,Diu,312,3,309,0,0,0,0,0,0,,
0,GA,Goa,GA_Other State,Other State,200,9,190,1,0,0,0,0,0,District-wise numbers are out-dated as cumulative counts for each district are not reported in bulletin,
155,GA,Goa,GA_North Goa,North Goa,2668,1639,964,65,0,0,0,0,0,District-wise numbers are out-dated as cumulative counts for each district are not reported in bulletin,
156,GA,Goa,GA_South Goa,South Goa,3511,1978,1407,126,0,0,0,0,0,District-wise numbers are out-dated as cumulative counts for each district are not reported in bulletin,
0,GJ,Gujarat,GJ_Other State,Other State,162,0,159,3,0,0,0,0,0,,
157,GJ,Gujarat,GJ_Ahmedabad,Ahmedabad,57474,2916,52312,2246,0,0,0,0,0,,
158,GJ,Gujarat,GJ_Amreli,Amreli,3773,90,3651,32,0,0,0,0,0,,
159,GJ,Gujarat,GJ_Anand,Anand,2258,59,2182,17,0,0,0,0,0,,
160,GJ,Gujarat,GJ_Aravalli,Aravalli,1149,62,1061,26,0,0,0,0,0,,
161,GJ,Gujarat,GJ_Banaskantha,Banaskantha,4564,-48,4574,38,0,0,0,0,0,,
162,GJ,Gujarat,GJ_Bharuch,Bharuch,3845,138,3689,18,0,0,0,0,0,,
163,GJ,Gujarat,GJ_Bhavnagar,Bhavnagar,5818,89,5661,68,0,0,0,0,0,,
164,GJ,Gujarat,GJ_Botad,Botad,1028,69,947,12,0,0,0,0,0,,
165,GJ,Gujarat,GJ_Chhota Udaipur,Chhota Udaipur,863,14,846,3,0,0,0,0,0,,
167,GJ,Gujarat,GJ_Dahod,Dahod,2993,137,2849,7,0,0,0,0,0,,
187,GJ,Gujarat,GJ_Dang,Dang,149,8,141,0,0,0,0,0,0,,
166,GJ,Gujarat,GJ_Devbhumi Dwarka,Devbhumi Dwarka,1038,29,1004,5,0,0,0,0,0,,
168,GJ,Gujarat,GJ_Gandhinagar,Gandhinagar,8080,219,7756,105,0,0,0,0,0,,
169,GJ,Gujarat,GJ_Gir Somnath,Gir Somnath,2321,153,2144,24,0,0,0,0,0,,
170,GJ,Gujarat,GJ_Jamnagar,Jamnagar,10134,141,9958,35,0,0,0,0,0,,
171,GJ,Gujarat,GJ_Junagadh,Junagadh,4888,192,4663,33,0,0,0,0,0,,
173,GJ,Gujarat,GJ_Kheda,Kheda,2951,88,2847,16,0,0,0,0,0,,
172,GJ,Gujarat,GJ_Kutch,Kutch,3997,214,3750,33,0,0,0,0,0,,
175,GJ,Gujarat,GJ_Mahisagar,Mahisagar,1942,104,1831,7,0,0,0,0,0,,
174,GJ,Gujarat,GJ_Mehsana,Mehsana,6684,205,6441,38,0,0,0,0,0,,
176,GJ,Gujarat,GJ_Morbi,Morbi,3059,232,2809,18,0,0,0,0,0,,
177,GJ,Gujarat,GJ_Narmada,Narmada,1939,49,1889,1,0,0,0,0,0,,
178,GJ,Gujarat,GJ_Navsari,Navsari,1572,26,1538,8,0,0,0,0,0,,
179,GJ,Gujarat,GJ_Panchmahal,Panchmahal,4049,150,3878,21,0,0,0,0,0,,
180,GJ,Gujarat,GJ_Patan,Patan,4160,65,4042,53,0,0,0,0,0,,
181,GJ,Gujarat,GJ_Porbandar,Porbandar,701,11,686,4,0,0,0,0,0,,
182,GJ,Gujarat,GJ_Rajkot,Rajkot,20100,1019,18890,191,0,0,0,0,0,,
183,GJ,Gujarat,GJ_Sabarkantha,Sabarkantha,2782,133,2636,13,0,0,0,0,0,,
184,GJ,Gujarat,GJ_Surat,Surat,49277,1138,47174,965,0,0,0,0,0,,
185,GJ,Gujarat,GJ_Surendranagar,Surendranagar,3431,182,3237,12,0,0,0,0,0,,
186,GJ,Gujarat,GJ_Tapi,Tapi,1030,16,1008,6,0,0,0,0,0,,
188,GJ,Gujarat,GJ_Vadodara,Vadodara,24685,1959,22491,235,0,0,0,0,0,,
189,GJ,Gujarat,GJ_Valsad,Valsad,1362,20,1333,9,0,0,0,0,0,,
212,HP,Himachal Pradesh,HP_Bilaspur,Bilaspur,2846,194,2627,24,1,0,0,0,0,,
213,HP,Himachal Pradesh,HP_Chamba,Chamba,2849,149,2648,49,3,0,0,0,0,One death of COVID-19 positive patient has occured due to non-covid reasons,
214,HP,Himachal Pradesh,HP_Hamirpur,Hamirpur,2829,222,2561,45,1,0,0,0,0,,
215,HP,Himachal Pradesh,HP_Kangra,Kangra,7700,524,6989,185,2,0,0,0,0,Death of Tibetan refugee on March 22 included in Kangra district's tally,
216,HP,Himachal Pradesh,HP_Kinnaur,Kinnaur,1313,32,1265,16,0,0,0,0,0,,
217,HP,Himachal Pradesh,HP_Kullu,Kullu,4349,80,4185,82,2,0,0,0,0,,
218,HP,Himachal Pradesh,HP_Lahaul and Spiti,Lahaul and Spiti,1241,40,1189,12,0,0,0,0,0,,
219,HP,Himachal Pradesh,HP_Mandi,Mandi,9636,581,8937,118,0,0,0,0,0,,
220,HP,Himachal Pradesh,HP_Shimla,Shimla,10047,327,9427,254,39,0,0,0,0,One death of COVID-19 positive patient has occured due to non-covid reasons,
221,HP,Himachal Pradesh,HP_Sirmaur,Sirmaur,3163,124,3010,29,0,0,0,0,0,,
222,HP,Himachal Pradesh,HP_Solan,Solan,6414,378,5967,69,0,0,0,0,0,,
223,HP,Himachal Pradesh,HP_Una,Una,2727,145,2546,36,0,0,0,0,0,,
0,HR,Haryana,HR_Foreign Evacuees,Foreign Evacuees,0,0,0,0,0,0,0,0,0,,
190,HR,Haryana,HR_Ambala,Ambala,11501,204,11154,143,0,0,0,0,0,,
191,HR,Haryana,HR_Bhiwani,Bhiwani,6239,23,6076,140,0,0,0,0,0,,
192,HR,Haryana,HR_Charkhi Dadri,Charkhi Dadri,1492,55,1412,25,0,0,0,0,0,,
193,HR,Haryana,HR_Faridabad,Faridabad,45468,427,44639,402,0,0,0,0,0,,
194,HR,Haryana,HR_Fatehabad,Fatehabad,4659,41,4502,116,0,0,0,0,0,,
195,HR,Haryana,HR_Gurugram,Gurugram,56744,975,55426,343,0,0,0,0,0,,
196,HR,Haryana,HR_Hisar,Hisar,16934,73,16544,317,0,0,0,0,0,,
0,HR,Haryana,HR_Italians,Italians,0,0,0,0,0,0,0,0,0,,
197,HR,Haryana,HR_Jhajjar,Jhajjar,5805,66,5648,91,0,0,0,0,0,,
198,HR,Haryana,HR_Jind,Jind,4718,136,4493,89,0,0,0,0,0,,
199,HR,Haryana,HR_Kaithal,Kaithal,3756,39,3668,49,0,0,0,0,0,,
200,HR,Haryana,HR_Karnal,Karnal,10785,251,10388,146,0,0,0,0,0,,
201,HR,Haryana,HR_Kurukshetra,Kurukshetra,8600,174,8300,126,0,0,0,0,0,,
202,HR,Haryana,HR_Mahendragarh,Mahendragarh,6578,36,6523,19,0,0,0,0,0,,
203,HR,Haryana,HR_Nuh,Nuh,1685,16,1639,30,0,0,0,0,0,,
204,HR,Haryana,HR_Palwal,Palwal,4373,28,4319,26,0,0,0,0,0,,
205,HR,Haryana,HR_Panchkula,Panchkula,9964,226,9596,142,0,0,0,0,0,,
206,HR,Haryana,HR_Panipat,Panipat,10497,221,10131,145,0,0,0,0,0,,
207,HR,Haryana,HR_Rewari,Rewari,11301,204,11024,73,0,0,0,0,0,,
208,HR,Haryana,HR_Rohtak,Rohtak,12064,142,11776,146,0,0,0,0,0,,
209,HR,Haryana,HR_Sirsa,Sirsa,7929,76,7740,113,0,0,0,0,0,,
210,HR,Haryana,HR_Sonipat,Sonipat,14506,199,14228,79,0,0,0,0,0,,
211,HR,Haryana,HR_Yamunanagar,Yamunanagar,6456,187,6130,139,0,0,0,0,0,,
246,JH,Jharkhand,JH_Bokaro,Bokaro,6493,78,6356,59,0,0,0,0,0,,
247,JH,Jharkhand,JH_Chatra,Chatra,1407,17,1379,11,0,0,0,0,0,,
248,JH,Jharkhand,JH_Deoghar,Deoghar,3607,20,3564,23,0,0,0,0,0,,
249,JH,Jharkhand,JH_Dhanbad,Dhanbad,7424,64,7256,104,0,0,0,0,0,,
250,JH,Jharkhand,JH_Dumka,Dumka,1374,13,1347,14,0,0,0,0,0,,
264,JH,Jharkhand,JH_East Singhbhum,East Singhbhum,17885,227,17303,355,0,0,0,0,0,,
251,JH,Jharkhand,JH_Garhwa,Garhwa,2785,33,2740,12,0,0,0,0,0,,
252,JH,Jharkhand,JH_Giridih,Giridih,3414,9,3391,14,0,0,0,0,0,,
253,JH,Jharkhand,JH_Godda,Godda,2075,9,2056,10,0,0,0,0,0,,
254,JH,Jharkhand,JH_Gumla,Gumla,2262,39,2219,4,0,0,0,0,0,,
255,JH,Jharkhand,JH_Hazaribagh,Hazaribagh,4372,75,4261,36,0,0,0,0,0,,
256,JH,Jharkhand,JH_Jamtara,Jamtara,1248,11,1233,4,0,0,0,0,0,,
257,JH,Jharkhand,JH_Khunti,Khunti,2108,7,2095,6,0,0,0,0,0,,
258,JH,Jharkhand,JH_Koderma,Koderma,3419,23,3368,28,0,0,0,0,0,,
259,JH,Jharkhand,JH_Latehar,Latehar,1884,20,1857,7,0,0,0,0,0,,
260,JH,Jharkhand,JH_Lohardaga,Lohardaga,1765,26,1729,10,0,0,0,0,0,,
261,JH,Jharkhand,JH_Pakur,Pakur,900,0,898,2,0,0,0,0,0,,
262,JH,Jharkhand,JH_Palamu,Palamu,3486,44,3422,20,0,0,0,0,0,,
265,JH,Jharkhand,JH_Ramgarh,Ramgarh,4447,65,4355,27,0,0,0,0,0,,
266,JH,Jharkhand,JH_Ranchi,Ranchi,30447,789,29441,217,0,0,0,0,0,,
267,JH,Jharkhand,JH_Sahibganj,Sahibganj,1631,14,1608,9,0,0,0,0,0,,
268,JH,Jharkhand,JH_Saraikela-Kharsawan,Saraikela-Kharsawan,3660,24,3624,12,0,0,0,0,0,,
269,JH,Jharkhand,JH_Simdega,Simdega,2016,16,1995,5,0,0,0,0,0,,
263,JH,Jharkhand,JH_West Singhbhum,West Singhbhum,4764,17,4709,38,0,0,0,0,0,,
224,JK,Jammu and Kashmir,JK_Anantnag,Anantnag,4782,101,4598,83,0,0,0,0,0,,
226,JK,Jammu and Kashmir,JK_Bandipora,Bandipora,4643,53,4530,60,0,0,0,0,0,,
227,JK,Jammu and Kashmir,JK_Baramulla,Baramulla,7950,114,7664,172,0,0,0,0,0,,
225,JK,Jammu and Kashmir,JK_Budgam,Budgam,7593,153,7332,108,0,0,0,0,0,,
228,JK,Jammu and Kashmir,JK_Doda,Doda,3385,56,3266,63,0,0,0,0,0,,
229,JK,Jammu and Kashmir,JK_Ganderbal,Ganderbal,4462,77,4342,43,0,0,0,0,0,,
230,JK,Jammu and Kashmir,JK_Jammu,Jammu,23726,846,22525,355,0,0,0,0,0,,
231,JK,Jammu and Kashmir,JK_Kathua,Kathua,3186,60,3078,48,0,0,0,0,0,,
232,JK,Jammu and Kashmir,JK_Kishtwar,Kishtwar,2717,21,2675,21,0,0,0,0,0,,
233,JK,Jammu and Kashmir,JK_Kulgam,Kulgam,2658,64,2541,53,0,0,0,0,0,,
234,JK,Jammu and Kashmir,JK_Kupwara,Kupwara,5519,124,5304,91,0,0,0,0,0,,
235,JK,Jammu and Kashmir,JK_Mirpur,Mirpur,0,0,0,0,0,0,0,0,0,,
236,JK,Jammu and Kashmir,JK_Muzaffarabad,Muzaffarabad,0,0,0,0,0,0,0,0,0,,
237,JK,Jammu and Kashmir,JK_Pulwama,Pulwama,5535,184,5263,88,0,0,0,0,0,,
238,JK,Jammu and Kashmir,JK_Punch,Punch,2444,24,2397,23,0,0,0,0,0,,
239,JK,Jammu and Kashmir,JK_Rajouri,Rajouri,3835,177,3604,54,0,0,0,0,0,,
240,JK,Jammu and Kashmir,JK_Ramban,Ramban,2103,31,2051,21,0,0,0,0,0,,
241,JK,Jammu and Kashmir,JK_Reasi,Reasi,1624,50,1559,15,0,0,0,0,0,,
242,JK,Jammu and Kashmir,JK_Samba,Samba,2744,172,2534,38,0,0,0,0,0,,
243,JK,Jammu and Kashmir,JK_Shopiyan,Shopiyan,2495,93,2364,38,0,0,0,0,0,,
244,JK,Jammu and Kashmir,JK_Srinagar,Srinagar,25264,565,24250,449,0,0,0,0,0,,
245,JK,Jammu and Kashmir,JK_Udhampur,Udhampur,4079,69,3953,57,0,0,0,0,0,,
270,KA,Karnataka,KA_Bagalkote,Bagalkote,13666,22,13508,136,0,0,0,0,0,,
271,KA,Karnataka,KA_Ballari,Ballari,38848,203,38048,597,0,0,0,0,0,,
272,KA,Karnataka,KA_Belagavi,Belagavi,26236,193,25701,342,0,0,0,0,0,,
274,KA,Karnataka,KA_Bengaluru Rural,Bengaluru Rural,18236,256,17828,152,0,0,0,0,0,,
273,KA,Karnataka,KA_Bengaluru Urban,Bengaluru Urban,387832,7534,375986,4311,1,0,0,0,0,,
275,KA,Karnataka,KA_Bidar,Bidar,7251,39,7037,171,4,0,0,0,0,,
276,KA,Karnataka,KA_Chamarajanagara,Chamarajanagara,6770,83,6557,119,11,0,0,0,0,,
277,KA,Karnataka,KA_Chikkaballapura,Chikkaballapura,12952,222,12613,116,1,0,0,0,0,,
278,KA,Karnataka,KA_Chikkamagaluru,Chikkamagaluru,13675,114,13422,139,0,0,0,0,0,,
279,KA,Karnataka,KA_Chitradurga,Chitradurga,14250,157,14025,68,0,0,0,0,0,,
280,KA,Karnataka,KA_Dakshina Kannada,Dakshina Kannada,32849,296,31817,734,2,0,0,0,0,,
281,KA,Karnataka,KA_Davanagere,Davanagere,22011,116,21631,264,0,0,0,0,0,,
282,KA,Karnataka,KA_Dharwad,Dharwad,21859,111,21140,608,0,0,0,0,0,,
283,KA,Karnataka,KA_Gadag,Gadag,10903,27,10735,141,0,0,0,0,0,,
284,KA,Karnataka,KA_Hassan,Hassan,28000,249,27358,393,0,0,0,0,0,,
285,KA,Karnataka,KA_Haveri,Haveri,10959,20,10749,190,0,0,0,0,0,,
286,KA,Karnataka,KA_Kalaburagi,Kalaburagi,21065,197,20545,323,0,0,0,0,0,,
287,KA,Karnataka,KA_Kodagu,Kodagu,5728,93,5564,71,0,0,0,0,0,,
288,KA,Karnataka,KA_Kolar,Kolar,9700,125,9399,176,0,0,0,0,0,,
289,KA,Karnataka,KA_Koppal,Koppal,13872,62,13531,279,0,0,0,0,0,,
290,KA,Karnataka,KA_Mandya,Mandya,19418,154,19117,147,0,0,0,0,0,,
291,KA,Karnataka,KA_Mysuru,Mysuru,52346,446,50887,1013,0,0,0,0,0,,
0,KA,Karnataka,KA_Other State,Other State,36,0,33,3,0,0,0,0,0,,
292,KA,Karnataka,KA_Raichur,Raichur,14157,64,13935,158,0,0,0,0,0,,
293,KA,Karnataka,KA_Ramanagara,Ramanagara,7376,35,7265,76,0,0,0,0,0,,
294,KA,Karnataka,KA_Shivamogga,Shivamogga,22025,194,21483,348,0,0,0,0,0,,
295,KA,Karnataka,KA_Tumakuru,Tumakuru,24507,341,23789,377,0,0,0,0,0,,
296,KA,Karnataka,KA_Udupi,Udupi,23039,62,22789,188,0,0,0,0,0,,
297,KA,Karnataka,KA_Uttara Kannada,Uttara Kannada,14219,87,13956,176,0,0,0,0,0,,
298,KA,Karnataka,KA_Vijayapura,Vijayapura,14182,84,13894,204,0,0,0,0,0,,
299,KA,Karnataka,KA_Yadgir,Yadgir,10577,24,10492,61,0,0,0,0,0,,
0,KL,Kerala,KL_Other State,Other State,0,0,0,0,0,0,0,0,0,,
300,KL,Kerala,KL_Alappuzha,Alappuzha,56904,3941,52703,239,21,0,0,0,0,,
301,KL,Kerala,KL_Ernakulam,Ernakulam,82934,8532,74083,307,12,0,0,0,0,,
302,KL,Kerala,KL_Idukki,Idukki,16342,3008,13314,17,3,0,0,0,0,,
303,KL,Kerala,KL_Kannur,Kannur,39493,3509,35777,199,8,0,0,0,0,,
304,KL,Kerala,KL_Kasaragod,Kasaragod,24064,1595,22380,85,4,0,0,0,0,,
305,KL,Kerala,KL_Kollam,Kollam,59005,4698,54076,216,15,0,0,0,0,,
306,KL,Kerala,KL_Kottayam,Kottayam,50767,6946,43669,149,3,0,0,0,0,,
307,KL,Kerala,KL_Kozhikode,Kozhikode,85759,5469,79984,292,14,0,0,0,0,,
308,KL,Kerala,KL_Malappuram,Malappuram,90432,4981,85103,338,10,0,0,0,0,,
309,KL,Kerala,KL_Palakkad,Palakkad,47777,4886,42758,126,7,0,0,0,0,,
310,KL,Kerala,KL_Pathanamthitta,Pathanamthitta,29987,5907,24026,52,2,0,0,0,0,,
311,KL,Kerala,KL_Thiruvananthapuram,Thiruvananthapuram,81478,3198,77557,652,71,0,0,0,0,,
312,KL,Kerala,KL_Thrissur,Thrissur,74019,5981,67708,322,8,0,0,0,0,,
313,KL,Kerala,KL_Wayanad,Wayanad,16758,2742,13966,49,1,0,0,0,0,,
314,LA,Ladakh,LA_Kargil,Kargil,2095,9,2043,43,0,0,0,0,0,,
315,LA,Ladakh,LA_Leh,Leh,7352,180,7088,84,0,0,0,0,0,,
316,LD,Lakshadweep,LD_Lakshadweep,Lakshadweep,0,0,0,0,0,0,0,0,0,,
369,MH,Maharashtra,MH_Ahmednagar,Ahmednagar,68949,1685,66220,1043,1,0,0,0,0,,
370,MH,Maharashtra,MH_Akola,Akola,10554,333,9870,346,5,0,0,0,0,,
371,MH,Maharashtra,MH_Amravati,Amravati,19997,501,19113,381,2,0,0,0,0,,
372,MH,Maharashtra,MH_Aurangabad,Aurangabad,47821,976,45623,1207,15,0,0,0,0,,
374,MH,Maharashtra,MH_Beed,Beed,17036,314,16194,521,7,0,0,0,0,,
373,MH,Maharashtra,MH_Bhandara,Bhandara,12663,453,11933,275,2,0,0,0,0,,
375,MH,Maharashtra,MH_Buldhana,Buldhana,13589,578,12788,217,6,0,0,0,0,,
376,MH,Maharashtra,MH_Chandrapur,Chandrapur,23226,775,22061,389,1,0,0,0,0,,
377,MH,Maharashtra,MH_Dhule,Dhule,15622,240,15035,344,3,0,0,0,0,,
378,MH,Maharashtra,MH_Gadchiroli,Gadchiroli,8494,186,8215,87,6,0,0,0,0,,
379,MH,Maharashtra,MH_Gondia,Gondia,13803,397,13245,155,6,0,0,0,0,,
380,MH,Maharashtra,MH_Hingoli,Hingoli,4174,94,3984,96,0,0,0,0,0,,
381,MH,Maharashtra,MH_Jalgaon,Jalgaon,56069,444,54158,1447,20,0,0,0,0,,
382,MH,Maharashtra,MH_Jalna,Jalna,12775,205,12228,341,1,0,0,0,0,,
383,MH,Maharashtra,MH_Kolhapur,Kolhapur,49121,494,46965,1659,3,0,0,0,0,,
384,MH,Maharashtra,MH_Latur,Latur,23264,387,22193,680,4,0,0,0,0,,
385,MH,Maharashtra,MH_Mumbai,Mumbai,292722,9049,271708,11107,858,0,0,0,0,"[Sep 9]After reconciling COVID-19 cases in Mumbai, owing to the removal of duplicates and change of addresses as per the original residence, 239 cases have been removed from the progressive figures.",
386,MH,Maharashtra,MH_Mumbai Suburban,Mumbai Suburban,0,0,0,0,0,0,0,0,0,,
387,MH,Maharashtra,MH_Nagpur,Nagpur,124881,4166,117497,3200,18,0,0,0,0,District administration provides number of persons tested instead of the number of samples tested.,
388,MH,Maharashtra,MH_Nanded,Nanded,21310,384,20260,661,5,0,0,0,0,Number of active cases differs in the state bulletin and district bulletin. We follow the state bulletin.,
389,MH,Maharashtra,MH_Nandurbar,Nandurbar,8119,419,7530,169,1,0,0,0,0,,
390,MH,Maharashtra,MH_Nashik,Nashik,114991,1749,111347,1894,1,0,0,0,0,Number of active cases differs in the state bulletin and district bulletin. We follow the state bulletin.,
391,MH,Maharashtra,MH_Osmanabad,Osmanabad,16831,195,16098,536,2,0,0,0,0,,
0,MH,Maharashtra,MH_Other State,Other State,855,785,0,69,1,0,0,0,0,,
392,MH,Maharashtra,MH_Palghar,Palghar,46687,338,45421,911,17,0,0,0,0,,
393,MH,Maharashtra,MH_Parbhani,Parbhani,7589,145,7151,282,11,0,0,0,0,,
394,MH,Maharashtra,MH_Pune,Pune,372103,13743,350564,7760,36,0,0,0,0,Number of active cases differs in the state bulletin and district bulletin. We follow the state bulletin.,
395,MH,Maharashtra,MH_Raigad,Raigad,66240,489,64257,1487,7,0,0,0,0,Number of active cases differs in the state bulletin and district bulletin. We follow the state bulletin.,
396,MH,Maharashtra,MH_Ratnagiri,Ratnagiri,11169,394,10397,376,2,0,0,0,0,,
397,MH,Maharashtra,MH_Sangli,Sangli,50126,327,48028,1768,3,0,0,0,0,,
398,MH,Maharashtra,MH_Satara,Satara,54438,755,51918,1755,10,0,0,0,0,,
399,MH,Maharashtra,MH_Sindhudurg,Sindhudurg,6018,331,5526,160,1,0,0,0,0,,
400,MH,Maharashtra,MH_Solapur,Solapur,53309,802,50733,1758,16,0,0,0,0,,
401,MH,Maharashtra,MH_Thane,Thane,254074,10159,238283,5573,59,0,0,0,0,,
402,MH,Maharashtra,MH_Wardha,Wardha,9452,267,8916,265,4,0,0,0,0,,
403,MH,Maharashtra,MH_Washim,Washim,6804,142,6511,149,2,0,0,0,0,,
404,MH,Maharashtra,MH_Yavatmal,Yavatmal,13728,365,12964,395,4,0,0,0,0,,
421,ML,Meghalaya,ML_East Garo Hills,East Garo Hills,339,1,337,1,0,0,0,0,0,,
422,ML,Meghalaya,ML_East Jaintia Hills,East Jaintia Hills,526,0,526,0,0,0,0,0,0,,
423,ML,Meghalaya,ML_East Khasi Hills,East Khasi Hills,8264,135,8016,113,0,0,0,0,0,,
424,ML,Meghalaya,ML_North Garo Hills,North Garo Hills,117,1,114,2,0,0,0,0,0,,
425,ML,Meghalaya,ML_Ribhoi,Ribhoi,1350,24,1324,2,0,0,0,0,0,,
426,ML,Meghalaya,ML_South Garo Hills,South Garo Hills,197,0,196,1,0,0,0,0,0,,
427,ML,Meghalaya,ML_South West Garo Hills,South West Garo Hills,198,3,193,2,0,0,0,0,0,,
428,ML,Meghalaya,ML_South West Khasi Hills,South West Khasi Hills,57,0,57,0,0,0,0,0,0,,
429,ML,Meghalaya,ML_West Garo Hills,West Garo Hills,1709,14,1679,16,0,0,0,0,0,,
430,ML,Meghalaya,ML_West Jaintia Hills,West Jaintia Hills,478,1,476,1,0,0,0,0,0,,
431,ML,Meghalaya,ML_West Khasi Hills,West Khasi Hills,173,5,167,1,0,0,0,0,0,,
0,MN,Manipur,MN_CAPF Personnel,CAPF Personnel,2620,1219,1399,2,0,0,0,0,0,,
405,MN,Manipur,MN_Bishnupur,Bishnupur,1275,1196,58,21,0,0,0,0,0,,
406,MN,Manipur,MN_Chandel,Chandel,348,335,4,9,0,0,0,0,0,,
407,MN,Manipur,MN_Churachandpur,Churachandpur,1411,1327,58,26,0,0,0,0,0,,
408,MN,Manipur,MN_Imphal East,Imphal East,5466,5241,150,75,0,0,0,0,0,,
409,MN,Manipur,MN_Imphal West,Imphal West,8516,8369,52,95,0,0,0,0,0,,
410,MN,Manipur,MN_Jiribam,Jiribam,265,263,2,0,0,0,0,0,0,,
411,MN,Manipur,MN_Kakching,Kakching,755,721,27,7,0,0,0,0,0,,
412,MN,Manipur,MN_Kamjong,Kamjong,251,234,17,0,0,0,0,0,0,,
413,MN,Manipur,MN_Kangpokpi,Kangpokpi,611,583,19,9,0,0,0,0,0,,
414,MN,Manipur,MN_Noney,Noney,321,302,18,1,0,0,0,0,0,,
415,MN,Manipur,MN_Pherzawl,Pherzawl,37,22,15,0,0,0,0,0,0,,
416,MN,Manipur,MN_Senapati,Senapati,475,453,21,1,0,0,0,0,0,,
417,MN,Manipur,MN_Tamenglong,Tamenglong,1333,1295,32,6,0,0,0,0,0,,
418,MN,Manipur,MN_Tengnoupal,Tengnoupal,276,262,13,1,0,0,0,0,0,,
419,MN,Manipur,MN_Thoubal,Thoubal,2263,2200,23,40,0,0,0,0,0,,
420,MN,Manipur,MN_Ukhrul,Ukhrul,534,514,18,2,0,0,0,0,0,,
317,MP,Madhya Pradesh,MP_Agar Malwa,Agar Malwa,627,25,592,10,0,0,0,0,0,,
318,MP,Madhya Pradesh,MP_Alirajpur,Alirajpur,1246,33,1200,13,0,0,0,0,0,,
319,MP,Madhya Pradesh,MP_Anuppur,Anuppur,1995,18,1963,14,0,0,0,0,0,,
320,MP,Madhya Pradesh,MP_Ashoknagar,Ashoknagar,1086,31,1038,17,0,0,0,0,0,,
321,MP,Madhya Pradesh,MP_Balaghat,Balaghat,3008,88,2907,13,0,0,0,0,0,,
322,MP,Madhya Pradesh,MP_Barwani,Barwani,2708,108,2576,24,0,0,0,0,0,,
323,MP,Madhya Pradesh,MP_Betul,Betul,3195,88,3038,69,0,0,0,0,0,,
324,MP,Madhya Pradesh,MP_Bhind,Bhind,1457,25,1422,10,0,0,0,0,0,,
325,MP,Madhya Pradesh,MP_Bhopal,Bhopal,39123,1994,36554,575,0,0,0,0,0,,
326,MP,Madhya Pradesh,MP_Burhanpur,Burhanpur,844,3,814,27,0,0,0,0,0,,
327,MP,Madhya Pradesh,MP_Chhatarpur,Chhatarpur,2012,59,1921,32,0,0,0,0,0,,
328,MP,Madhya Pradesh,MP_Chhindwara,Chhindwara,2658,45,2571,42,0,0,0,0,0,,
329,MP,Madhya Pradesh,MP_Damoh,Damoh,2627,148,2403,76,0,0,0,0,0,,
330,MP,Madhya Pradesh,MP_Datia,Datia,1819,57,1742,20,0,0,0,0,0,,
331,MP,Madhya Pradesh,MP_Dewas,Dewas,2745,64,2655,26,0,0,0,0,0,,
332,MP,Madhya Pradesh,MP_Dhar,Dhar,3826,100,3670,56,0,0,0,0,0,,
333,MP,Madhya Pradesh,MP_Dindori,Dindori,948,16,931,1,0,0,0,0,0,,
335,MP,Madhya Pradesh,MP_Guna,Guna,1445,56,1363,26,0,0,0,0,0,,
336,MP,Madhya Pradesh,MP_Gwalior,Gwalior,15894,341,15354,199,0,0,0,0,0,,
337,MP,Madhya Pradesh,MP_Harda,Harda,2027,46,1947,34,0,0,0,0,0,,
338,MP,Madhya Pradesh,MP_Hoshangabad,Hoshangabad,3582,57,3466,59,0,0,0,0,0,,
339,MP,Madhya Pradesh,MP_Indore,Indore,54684,2955,50858,871,0,0,0,0,0,,
340,MP,Madhya Pradesh,MP_Jabalpur,Jabalpur,15489,489,14759,241,0,0,0,0,0,,
341,MP,Madhya Pradesh,MP_Jhabua,Jhabua,2356,107,2222,27,0,0,0,0,0,,
342,MP,Madhya Pradesh,MP_Katni,Katni,2128,48,2063,17,0,0,0,0,0,,
334,MP,Madhya Pradesh,MP_Khandwa,Khandwa,2231,40,2128,63,0,0,0,0,0,,
368,MP,Madhya Pradesh,MP_Khargone,Khargone,5055,184,4778,93,0,0,0,0,0,,
343,MP,Madhya Pradesh,MP_Mandla,Mandla,1195,37,1148,10,0,0,0,0,0,,
344,MP,Madhya Pradesh,MP_Mandsaur,Mandsaur,2647,143,2471,33,0,0,0,0,0,,
345,MP,Madhya Pradesh,MP_Morena,Morena,3192,15,3150,27,0,0,0,0,0,,
346,MP,Madhya Pradesh,MP_Narsinghpur,Narsinghpur,3403,60,3316,27,0,0,0,0,0,,
347,MP,Madhya Pradesh,MP_Neemuch,Neemuch,2918,109,2772,37,0,0,0,0,0,,
348,MP,Madhya Pradesh,MP_Niwari,Niwari,636,21,613,2,0,0,0,0,0,,
0,MP,Madhya Pradesh,MP_Other Region,Other Region,0,0,0,0,0,0,0,0,0,,
349,MP,Madhya Pradesh,MP_Panna,Panna,1044,64,976,4,0,0,0,0,0,,
350,MP,Madhya Pradesh,MP_Raisen,Raisen,2338,59,2234,45,0,0,0,0,0,,
351,MP,Madhya Pradesh,MP_Rajgarh,Rajgarh,2268,102,2107,59,0,0,0,0,0,,
352,MP,Madhya Pradesh,MP_Ratlam,Ratlam,4387,273,4037,77,0,0,0,0,0,,
353,MP,Madhya Pradesh,MP_Rewa,Rewa,3797,115,3649,33,0,0,0,0,0,,
354,MP,Madhya Pradesh,MP_Sagar,Sagar,5000,188,4665,147,0,0,0,0,0,,
355,MP,Madhya Pradesh,MP_Satna,Satna,3266,94,3131,41,0,0,0,0,0,,
356,MP,Madhya Pradesh,MP_Sehore,Sehore,2662,93,2521,48,0,0,0,0,0,,
357,MP,Madhya Pradesh,MP_Seoni,Seoni,1483,34,1439,10,0,0,0,0,0,,
358,MP,Madhya Pradesh,MP_Shahdol,Shahdol,2916,62,2824,30,0,0,0,0,0,,
359,MP,Madhya Pradesh,MP_Shajapur,Shajapur,1689,69,1598,22,0,0,0,0,0,,
360,MP,Madhya Pradesh,MP_Sheopur,Sheopur,1405,43,1348,14,0,0,0,0,0,,
361,MP,Madhya Pradesh,MP_Shivpuri,Shivpuri,3500,64,3407,29,0,0,0,0,0,,
362,MP,Madhya Pradesh,MP_Sidhi,Sidhi,1942,48,1881,13,0,0,0,0,0,,
363,MP,Madhya Pradesh,MP_Singrauli,Singrauli,1856,47,1783,26,0,0,0,0,0,,
364,MP,Madhya Pradesh,MP_Tikamgarh,Tikamgarh,1254,39,1188,27,0,0,0,0,0,,
365,MP,Madhya Pradesh,MP_Ujjain,Ujjain,4627,221,4304,102,0,0,0,0,0,,
366,MP,Madhya Pradesh,MP_Umaria,Umaria,1234,41,1177,16,0,0,0,0,0,,
367,MP,Madhya Pradesh,MP_Vidisha,Vidisha,3472,121,3290,61,0,0,0,0,0,,
432,MZ,Mizoram,MZ_Aizawl,Aizawl,2747,60,2680,7,0,0,0,0,0,,
433,MZ,Mizoram,MZ_Champhai,Champhai,94,2,92,0,0,0,0,0,0,,
729,MZ,Mizoram,MZ_Hnahthial,Hnahthial,19,3,16,0,0,0,0,0,0,,
730,MZ,Mizoram,MZ_Khawzawl,Khawzawl,22,0,22,0,0,0,0,0,0,,
434,MZ,Mizoram,MZ_Kolasib,Kolasib,286,5,281,0,0,0,0,0,0,,
435,MZ,Mizoram,MZ_Lawngtlai,Lawngtlai,318,11,307,0,0,0,0,0,0,,
436,MZ,Mizoram,MZ_Lunglei,Lunglei,390,15,375,0,0,0,0,0,0,,
437,MZ,Mizoram,MZ_Mamit,Mamit,82,0,82,0,0,0,0,0,0,,
438,MZ,Mizoram,MZ_Saiha,Saiha,35,0,35,0,0,0,0,0,0,,
728,MZ,Mizoram,MZ_Saitual,Saitual,28,1,27,0,0,0,0,0,0,,
439,MZ,Mizoram,MZ_Serchhip,Serchhip,178,3,174,1,0,0,0,0,0,,
0,NL,Nagaland,NL_Others,Others,0,0,0,0,0,0,0,0,0,,
440,NL,Nagaland,NL_Dimapur,Dimapur,6397,83,6191,51,72,0,0,0,0,,
441,NL,Nagaland,NL_Kiphire,Kiphire,41,6,34,1,0,0,0,0,0,,
442,NL,Nagaland,NL_Kohima,Kohima,3710,76,3584,21,29,0,0,0,0,,
443,NL,Nagaland,NL_Longleng,Longleng,18,0,9,0,9,0,0,0,0,,
444,NL,Nagaland,NL_Mokokchung,Mokokchung,178,46,124,2,6,0,0,0,0,,
445,NL,Nagaland,NL_Mon,Mon,603,0,592,2,9,0,0,0,0,,
446,NL,Nagaland,NL_Peren,Peren,502,3,498,0,1,0,0,0,0,,
447,NL,Nagaland,NL_Phek,Phek,47,3,44,0,0,0,0,0,0,,
448,NL,Nagaland,NL_Tuensang,Tuensang,244,0,243,1,0,0,0,0,0,,
449,NL,Nagaland,NL_Wokha,Wokha,39,1,35,1,2,0,0,0,0,,
450,NL,Nagaland,NL_Zunheboto,Zunheboto,142,0,139,0,3,0,0,0,0,,
0,OR,Odisha,OR_State Pool,State Pool,8306,76,8230,0,0,0,0,0,0,,
0,OR,Odisha,OR_Others,Others,0,0,0,0,0,0,0,0,0,,
451,OR,Odisha,OR_Angul,Angul,10858,224,10597,37,0,0,0,0,0,,
452,OR,Odisha,OR_Balangir,Balangir,8480,105,8336,39,0,0,0,0,0,,
453,OR,Odisha,OR_Balasore,Balasore,12043,128,11816,99,0,0,0,0,0,,
454,OR,Odisha,OR_Bargarh,Bargarh,10128,110,9978,40,0,0,0,0,0,,
456,OR,Odisha,OR_Bhadrak,Bhadrak,7402,33,7340,29,0,0,0,0,0,,
455,OR,Odisha,OR_Boudh,Boudh,2772,10,2751,11,0,0,0,0,0,,
457,OR,Odisha,OR_Cuttack,Cuttack,28713,176,28395,142,0,0,0,0,0,,
458,OR,Odisha,OR_Deogarh,Deogarh,1274,15,1254,5,0,0,0,0,0,,
459,OR,Odisha,OR_Dhenkanal,Dhenkanal,5694,6,5659,29,0,0,0,0,0,,
460,OR,Odisha,OR_Gajapati,Gajapati,3977,4,3940,33,0,0,0,0,0,,
461,OR,Odisha,OR_Ganjam,Ganjam,21805,19,21532,254,0,0,0,0,0,,
462,OR,Odisha,OR_Jagatsinghpur,Jagatsinghpur,9073,37,8998,38,0,0,0,0,0,,
463,OR,Odisha,OR_Jajpur,Jajpur,11944,99,11819,26,0,0,0,0,0,,
464,OR,Odisha,OR_Jharsuguda,Jharsuguda,7481,68,7387,26,0,0,0,0,0,,
465,OR,Odisha,OR_Kalahandi,Kalahandi,6303,37,6235,31,0,0,0,0,0,,
466,OR,Odisha,OR_Kandhamal,Kandhamal,5924,4,5887,33,0,0,0,0,0,,
467,OR,Odisha,OR_Kendrapara,Kendrapara,9035,123,8883,29,0,0,0,0,0,,
468,OR,Odisha,OR_Kendujhar,Kendujhar,7874,71,7766,37,0,0,0,0,0,,
469,OR,Odisha,OR_Khordha,Khordha,52685,128,52225,332,0,0,0,0,0,,
470,OR,Odisha,OR_Koraput,Koraput,7852,36,7800,16,0,0,0,0,0,,
471,OR,Odisha,OR_Malkangiri,Malkangiri,5220,11,5182,27,0,0,0,0,0,,
472,OR,Odisha,OR_Mayurbhanj,Mayurbhanj,13891,93,13706,92,0,0,0,0,0,,
473,OR,Odisha,OR_Nabarangapur,Nabarangapur,5803,19,5769,15,0,0,0,0,0,,
474,OR,Odisha,OR_Nayagarh,Nayagarh,6450,19,6385,46,0,0,0,0,0,,
475,OR,Odisha,OR_Nuapada,Nuapada,7303,63,7213,27,0,0,0,0,0,,
476,OR,Odisha,OR_Puri,Puri,13996,42,13835,119,0,0,0,0,0,,
477,OR,Odisha,OR_Rayagada,Rayagada,8366,18,8303,45,0,0,0,0,0,,
478,OR,Odisha,OR_Sambalpur,Sambalpur,9323,161,9086,76,0,0,0,0,0,,
479,OR,Odisha,OR_Subarnapur,Subarnapur,4696,7,4668,21,0,0,0,0,0,,
480,OR,Odisha,OR_Sundargarh,Sundargarh,14635,337,14128,170,0,0,0,0,0,,
485,PB,Punjab,PB_Amritsar,Amritsar,14487,423,13513,551,0,0,0,0,0,,
486,PB,Punjab,PB_Barnala,Barnala,2274,50,2160,64,0,0,0,0,0,,
487,PB,Punjab,PB_Bathinda,Bathinda,9106,182,8718,206,0,0,0,0,0,,
488,PB,Punjab,PB_Faridkot,Faridkot,3855,61,3720,74,0,0,0,0,0,,
489,PB,Punjab,PB_Fatehgarh Sahib,Fatehgarh Sahib,2501,30,2360,111,0,0,0,0,0,,
490,PB,Punjab,PB_Fazilka,Fazilka,3837,49,3720,68,0,0,0,0,0,,
491,PB,Punjab,PB_Ferozepur,Ferozepur,4521,33,4346,142,0,0,0,0,0,,
492,PB,Punjab,PB_Gurdaspur,Gurdaspur,7928,164,7514,250,0,0,0,0,0,,
493,PB,Punjab,PB_Hoshiarpur,Hoshiarpur,7719,118,7291,310,0,0,0,0,0,,
494,PB,Punjab,PB_Jalandhar,Jalandhar,19885,397,18848,640,0,0,0,0,0,,
495,PB,Punjab,PB_Kapurthala,Kapurthala,4723,114,4413,196,0,0,0,0,0,,
496,PB,Punjab,PB_Ludhiana,Ludhiana,24737,343,23432,962,0,0,0,0,0,,
497,PB,Punjab,PB_Mansa,Mansa,2390,43,2296,51,0,0,0,0,0,,
498,PB,Punjab,PB_Moga,Moga,2737,41,2603,93,0,0,0,0,0,,
499,PB,Punjab,PB_Pathankot,Pathankot,5711,174,5384,153,0,0,0,0,0,,
500,PB,Punjab,PB_Patiala,Patiala,15727,245,15005,477,0,0,0,0,0,,
501,PB,Punjab,PB_Rupnagar,Rupnagar,3329,109,3058,162,0,0,0,0,0,,
502,PB,Punjab,PB_S.A.S. Nagar,S.A.S. Nagar,18143,1153,16651,339,0,0,0,0,0,,
503,PB,Punjab,PB_Sangrur,Sangrur,4352,24,4128,200,0,0,0,0,0,,
504,PB,Punjab,PB_Shahid Bhagat Singh Nagar,Shahid Bhagat Singh Nagar,2365,43,2240,82,0,0,0,0,0,,
505,PB,Punjab,PB_Sri Muktsar Sahib,Sri Muktsar Sahib,3808,55,3657,96,0,0,0,0,0,,
506,PB,Punjab,PB_Tarn Taran,Tarn Taran,2104,14,1986,104,0,0,0,0,0,,
481,PY,Puducherry,PY_Karaikal,Karaikal,3781,43,3676,62,0,0,0,0,0,"2 case of TN has been transferred,so has been reduced from the total count.",
482,PY,Puducherry,PY_Mahe,Mahe,1763,89,1666,8,0,0,0,0,0,"1 case of KL have been transferred,so have been reduced from the total count",
483,PY,Puducherry,PY_Puducherry,Puducherry,30453,221,29714,518,0,0,0,0,0,"209 cases(204 of TN, 1 of AP and 4 other) have been transferred,so have been reduced from the total count.[July 18]4 cases have transferred to TN and have been reduced from recovered cases.",
484,PY,Puducherry,PY_Yanam,Yanam,2099,10,2044,45,0,0,0,0,0,"2 cases of AP have been transferred,so have been reduced from the total count",
507,RJ,Rajasthan,RJ_Ajmer,Ajmer,16492,350,15923,219,0,0,0,0,0,,
508,RJ,Rajasthan,RJ_Alwar,Alwar,21412,369,20965,78,0,0,0,0,0,,
509,RJ,Rajasthan,RJ_Banswara,Banswara,2120,186,1900,34,0,0,0,0,0,,
510,RJ,Rajasthan,RJ_Baran,Baran,2473,248,2192,33,0,0,0,0,0,,
511,RJ,Rajasthan,RJ_Barmer,Barmer,4941,132,4760,49,0,0,0,0,0,,
512,RJ,Rajasthan,RJ_Bharatpur,Bharatpur,8971,97,8754,120,0,0,0,0,0,,
513,RJ,Rajasthan,RJ_Bhilwara,Bhilwara,9603,376,9188,39,0,0,0,0,0,,
514,RJ,Rajasthan,RJ_Bikaner,Bikaner,18988,76,18746,166,0,0,0,0,0,,
0,RJ,Rajasthan,RJ_BSF Camp,BSF Camp,85,0,85,0,0,0,0,0,0,,
515,RJ,Rajasthan,RJ_Bundi,Bundi,2866,237,2610,19,0,0,0,0,0,,
516,RJ,Rajasthan,RJ_Chittorgarh,Chittorgarh,3721,279,3404,38,0,0,0,0,0,,
517,RJ,Rajasthan,RJ_Churu,Churu,4330,124,4166,40,0,0,0,0,0,,
518,RJ,Rajasthan,RJ_Dausa,Dausa,2396,114,2258,24,0,0,0,0,0,,
519,RJ,Rajasthan,RJ_Dholpur,Dholpur,3728,71,3628,29,0,0,0,0,0,,
520,RJ,Rajasthan,RJ_Dungarpur,Dungarpur,4644,399,4211,34,0,0,0,0,0,,
0,RJ,Rajasthan,RJ_Evacuees,Evacuees,61,0,61,0,0,0,0,0,0,,
521,RJ,Rajasthan,RJ_Ganganagar,Ganganagar,6578,194,6342,42,0,0,0,0,0,,
522,RJ,Rajasthan,RJ_Hanumangarh,Hanumangarh,2935,90,2833,12,0,0,0,0,0,,
0,RJ,Rajasthan,RJ_Italians,Italians,2,0,2,0,0,0,0,0,0,,
523,RJ,Rajasthan,RJ_Jaipur,Jaipur,57118,2396,54222,500,0,0,0,0,0,,
524,RJ,Rajasthan,RJ_Jaisalmer,Jaisalmer,2169,169,1975,25,0,0,0,0,0,,
525,RJ,Rajasthan,RJ_Jalore,Jalore,5545,148,5348,49,0,0,0,0,0,,
526,RJ,Rajasthan,RJ_Jhalawar,Jhalawar,3373,104,3245,24,0,0,0,0,0,,
527,RJ,Rajasthan,RJ_Jhunjhunu,Jhunjhunu,4505,34,4419,52,0,0,0,0,0,,
528,RJ,Rajasthan,RJ_Jodhpur,Jodhpur,43726,897,42541,288,0,0,0,0,0,,
529,RJ,Rajasthan,RJ_Karauli,Karauli,1505,41,1444,20,0,0,0,0,0,,
530,RJ,Rajasthan,RJ_Kota,Kota,18469,568,17736,165,0,0,0,0,0,,
531,RJ,Rajasthan,RJ_Nagaur,Nagaur,9527,315,9122,90,0,0,0,0,0,,
0,RJ,Rajasthan,RJ_Other State,Other State,189,0,150,39,0,0,0,0,0,,
532,RJ,Rajasthan,RJ_Pali,Pali,10723,399,10215,109,0,0,0,0,0,,
533,RJ,Rajasthan,RJ_Pratapgarh,Pratapgarh,1198,94,1085,19,0,0,0,0,0,,
534,RJ,Rajasthan,RJ_Rajsamand,Rajsamand,3872,366,3466,40,0,0,0,0,0,,
535,RJ,Rajasthan,RJ_Sawai Madhopur,Sawai Madhopur,2084,98,1960,26,0,0,0,0,0,,
536,RJ,Rajasthan,RJ_Sikar,Sikar,8927,201,8630,96,0,0,0,0,0,,
537,RJ,Rajasthan,RJ_Sirohi,Sirohi,3604,139,3438,27,0,0,0,0,0,,
538,RJ,Rajasthan,RJ_Tonk,Tonk,3383,134,3215,34,0,0,0,0,0,,
539,RJ,Rajasthan,RJ_Udaipur,Udaipur,11291,390,10791,110,0,0,0,0,0,,
540,SK,Sikkim,SK_East Sikkim,East Sikkim,1494,385,1106,3,0,0,0,0,0,,
541,SK,Sikkim,SK_North Sikkim,North Sikkim,5,4,1,0,0,0,0,0,0,,
542,SK,Sikkim,SK_South Sikkim,South Sikkim,486,413,73,0,0,0,0,0,0,,
543,SK,Sikkim,SK_West Sikkim,West Sikkim,91,76,15,0,0,0,0,0,0,,
0,TG,Telangana,TG_Foreign Evacuees,Foreign Evacuees,33,33,0,0,0,0,0,0,0,District-wise numbers are out-dated as cumulative counts for each district are not reported in Telangana bulletin,
0,TG,Telangana,TG_Other State,Other State,250,250,0,0,0,0,0,0,0,District-wise numbers are out-dated as cumulative counts for each district are not reported in Telangana bulletin,
576,TG,Telangana,TG_Adilabad,Adilabad,2705,2690,15,0,0,0,0,0,0,District-wise numbers are out-dated as cumulative counts for each district are not reported in Telangana bulletin,
577,TG,Telangana,TG_Bhadradri Kothagudem,Bhadradri Kothagudem,8738,8734,4,0,0,0,0,0,0,District-wise numbers are out-dated as cumulative counts for each district are not reported in Telangana bulletin,
578,TG,Telangana,TG_Hyderabad,Hyderabad,78033,77705,305,23,0,0,0,0,0,District-wise numbers are out-dated as cumulative counts for each district are not reported in Telangana bulletin,
579,TG,Telangana,TG_Jagtial,Jagtial,5922,5920,2,0,0,0,0,0,0,District-wise numbers are out-dated as cumulative counts for each district are not reported in Telangana bulletin,
580,TG,Telangana,TG_Jangaon,Jangaon,3492,3491,1,0,0,0,0,0,0,District-wise numbers are out-dated as cumulative counts for each district are not reported in Telangana bulletin,
581,TG,Telangana,TG_Jayashankar Bhupalapally,Jayashankar Bhupalapally,2392,2392,0,0,0,0,0,0,0,District-wise numbers are out-dated as cumulative counts for each district are not reported in Telangana bulletin,
582,TG,Telangana,TG_Jogulamba Gadwal,Jogulamba Gadwal,3321,3295,25,1,0,0,0,0,0,District-wise numbers are out-dated as cumulative counts for each district are not reported in Telangana bulletin,
583,TG,Telangana,TG_Kamareddy,Kamareddy,5517,5509,8,0,0,0,0,0,0,District-wise numbers are out-dated as cumulative counts for each district are not reported in Telangana bulletin,
584,TG,Telangana,TG_Karimnagar,Karimnagar,13262,13246,16,0,0,0,0,0,0,District-wise numbers are out-dated as cumulative counts for each district are not reported in Telangana bulletin,
585,TG,Telangana,TG_Khammam,Khammam,10359,10356,3,0,0,0,0,0,0,District-wise numbers are out-dated as cumulative counts for each district are not reported in Telangana bulletin,
586,TG,Telangana,TG_Komaram Bheem,Komaram Bheem,1521,1519,2,0,0,0,0,0,0,District-wise numbers are out-dated as cumulative counts for each district are not reported in Telangana bulletin,
587,TG,Telangana,TG_Mahabubabad,Mahabubabad,5295,5294,1,0,0,0,0,0,0,District-wise numbers are out-dated as cumulative counts for each district are not reported in Telangana bulletin,
588,TG,Telangana,TG_Mahabubnagar,Mahabubnagar,4844,4836,8,0,0,0,0,0,0,District-wise numbers are out-dated as cumulative counts for each district are not reported in Telangana bulletin,
589,TG,Telangana,TG_Mancherial,Mancherial,5168,5167,0,1,0,0,0,0,0,District-wise numbers are out-dated as cumulative counts for each district are not reported in Telangana bulletin,
590,TG,Telangana,TG_Medak,Medak,3543,3539,4,0,0,0,0,0,0,District-wise numbers are out-dated as cumulative counts for each district are not reported in Telangana bulletin,
591,TG,Telangana,TG_Medchal Malkajgiri,Medchal Malkajgiri,18985,18975,9,1,0,0,0,0,0,District-wise numbers are out-dated as cumulative counts for each district are not reported in Telangana bulletin,
592,TG,Telangana,TG_Mulugu,Mulugu,2871,2869,2,0,0,0,0,0,0,District-wise numbers are out-dated as cumulative counts for each district are not reported in Telangana bulletin,
593,TG,Telangana,TG_Nagarkurnool,Nagarkurnool,4304,4302,2,0,0,0,0,0,0,District-wise numbers are out-dated as cumulative counts for each district are not reported in Telangana bulletin,
594,TG,Telangana,TG_Nalgonda,Nalgonda,12100,12088,12,0,0,0,0,0,0,District-wise numbers are out-dated as cumulative counts for each district are not reported in Telangana bulletin,
595,TG,Telangana,TG_Narayanpet,Narayanpet,1107,1106,0,1,0,0,0,0,0,District-wise numbers are out-dated as cumulative counts for each district are not reported in Telangana bulletin,
596,TG,Telangana,TG_Nirmal,Nirmal,2519,2506,13,0,0,0,0,0,0,District-wise numbers are out-dated as cumulative counts for each district are not reported in Telangana bulletin,
597,TG,Telangana,TG_Nizamabad,Nizamabad,7920,7890,30,0,0,0,0,0,0,District-wise numbers are out-dated as cumulative counts for each district are not reported in Telangana bulletin,
598,TG,Telangana,TG_Peddapalli,Peddapalli,5587,5586,1,0,0,0,0,0,0,District-wise numbers are out-dated as cumulative counts for each district are not reported in Telangana bulletin,
599,TG,Telangana,TG_Rajanna Sircilla,Rajanna Sircilla,4938,4936,2,0,0,0,0,0,0,District-wise numbers are out-dated as cumulative counts for each district are not reported in Telangana bulletin,
600,TG,Telangana,TG_Ranga Reddy,Ranga Reddy,23591,23572,17,2,0,0,0,0,0,District-wise numbers are out-dated as cumulative counts for each district are not reported in Telangana bulletin,
601,TG,Telangana,TG_Sangareddy,Sangareddy,7707,7701,6,0,0,0,0,0,0,District-wise numbers are out-dated as cumulative counts for each district are not reported in Telangana bulletin,
602,TG,Telangana,TG_Siddipet,Siddipet,7766,7765,1,0,0,0,0,0,0,District-wise numbers are out-dated as cumulative counts for each district are not reported in Telangana bulletin,
603,TG,Telangana,TG_Suryapet,Suryapet,6883,6859,24,0,0,0,0,0,0,District-wise numbers are out-dated as cumulative counts for each district are not reported in Telangana bulletin,
604,TG,Telangana,TG_Vikarabad,Vikarabad,2394,2378,15,1,0,0,0,0,0,District-wise numbers are out-dated as cumulative counts for each district are not reported in Telangana bulletin,
605,TG,Telangana,TG_Wanaparthy,Wanaparthy,3480,3480,0,0,0,0,0,0,0,District-wise numbers are out-dated as cumulative counts for each district are not reported in Telangana bulletin,
606,TG,Telangana,TG_Warangal Rural,Warangal Rural,3617,3617,0,0,0,0,0,0,0,District-wise numbers are out-dated as cumulative counts for each district are not reported in Telangana bulletin,
607,TG,Telangana,TG_Warangal Urban,Warangal Urban,11416,11393,23,0,0,0,0,0,0,District-wise numbers are out-dated as cumulative counts for each district are not reported in Telangana bulletin,
608,TG,Telangana,TG_Yadadri Bhuvanagiri,Yadadri Bhuvanagiri,3863,3863,0,0,0,0,0,0,0,District-wise numbers are out-dated as cumulative counts for each district are not reported in Telangana bulletin,
0,TN,Tamil Nadu,TN_Railway Quarantine,Railway Quarantine,428,0,428,0,0,0,0,0,0,,
0,TN,Tamil Nadu,TN_Airport Quarantine,Airport Quarantine,1955,7,1946,2,0,0,0,0,0,,
0,TN,Tamil Nadu,TN_Other State,Other State,0,-3,0,3,0,0,0,0,0,,
544,TN,Tamil Nadu,TN_Ariyalur,Ariyalur,4632,11,4573,48,0,0,0,0,0,,
732,TN,Tamil Nadu,TN_Chengalpattu,Chengalpattu,49956,583,48630,743,0,0,0,0,0,,
545,TN,Tamil Nadu,TN_Chennai,Chennai,225252,2681,218570,4001,0,0,0,0,0,[July 22]: 444 backdated deceased entries added to Chennai in TN bulletin.,
546,TN,Tamil Nadu,TN_Coimbatore,Coimbatore,52247,821,50774,652,0,0,0,0,0,,
547,TN,Tamil Nadu,TN_Cuddalore,Cuddalore,24662,127,24252,283,0,0,0,0,0,,
548,TN,Tamil Nadu,TN_Dharmapuri,Dharmapuri,6404,83,6268,53,0,0,0,0,0,,
549,TN,Tamil Nadu,TN_Dindigul,Dindigul,10926,153,10576,197,0,0,0,0,0,,
550,TN,Tamil Nadu,TN_Erode,Erode,13636,264,13228,144,0,0,0,0,0,,
734,TN,Tamil Nadu,TN_Kallakurichi,Kallakurichi,10797,19,10670,108,0,0,0,0,0,,
551,TN,Tamil Nadu,TN_Kancheepuram,Kancheepuram,28697,298,27965,434,0,0,0,0,0,,
552,TN,Tamil Nadu,TN_Kanyakumari,Kanyakumari,16315,128,15931,256,0,0,0,0,0,,
553,TN,Tamil Nadu,TN_Karur,Karur,5165,92,5023,50,0,0,0,0,0,,
554,TN,Tamil Nadu,TN_Krishnagiri,Krishnagiri,7867,110,7641,116,0,0,0,0,0,,
555,TN,Tamil Nadu,TN_Madurai,Madurai,20519,177,19890,452,0,0,0,0,0,,
556,TN,Tamil Nadu,TN_Nagapattinam,Nagapattinam,8129,120,7882,127,0,0,0,0,0,,
557,TN,Tamil Nadu,TN_Namakkal,Namakkal,11189,181,10899,109,0,0,0,0,0,,
564,TN,Tamil Nadu,TN_Nilgiris,Nilgiris,7930,113,7771,46,0,0,0,0,0,,
558,TN,Tamil Nadu,TN_Perambalur,Perambalur,2256,2,2233,21,0,0,0,0,0,,
559,TN,Tamil Nadu,TN_Pudukkottai,Pudukkottai,11397,51,11191,155,0,0,0,0,0,,
560,TN,Tamil Nadu,TN_Ramanathapuram,Ramanathapuram,6318,28,6158,132,0,0,0,0,0,,
733,TN,Tamil Nadu,TN_Ranipet,Ranipet,15903,56,15666,181,0,0,0,0,0,,
561,TN,Tamil Nadu,TN_Salem,Salem,31547,348,30742,457,0,0,0,0,0,,
562,TN,Tamil Nadu,TN_Sivaganga,Sivaganga,6532,69,6337,126,0,0,0,0,0,,
731,TN,Tamil Nadu,TN_Tenkasi,Tenkasi,8261,51,8052,158,0,0,0,0,0,,
563,TN,Tamil Nadu,TN_Thanjavur,Thanjavur,17141,215,16690,236,0,0,0,0,0,,
565,TN,Tamil Nadu,TN_Theni,Theni,16889,71,16614,204,0,0,0,0,0,,
566,TN,Tamil Nadu,TN_Thiruvallur,Thiruvallur,42609,400,41531,678,0,0,0,0,0,,
567,TN,Tamil Nadu,TN_Thiruvarur,Thiruvarur,10923,120,10694,109,0,0,0,0,0,,
568,TN,Tamil Nadu,TN_Thoothukkudi,Thoothukkudi,16061,80,15840,141,0,0,0,0,0,,
569,TN,Tamil Nadu,TN_Tiruchirappalli,Tiruchirappalli,14162,203,13783,176,0,0,0,0,0,,
570,TN,Tamil Nadu,TN_Tirunelveli,Tirunelveli,15282,130,14941,211,0,0,0,0,0,,
735,TN,Tamil Nadu,TN_Tirupathur,Tirupathur,7436,48,7263,125,0,0,0,0,0,,
571,TN,Tamil Nadu,TN_Tiruppur,Tiruppur,17017,319,16482,216,0,0,0,0,0,,
572,TN,Tamil Nadu,TN_Tiruvannamalai,Tiruvannamalai,19135,91,18763,281,0,0,0,0,0,,
573,TN,Tamil Nadu,TN_Vellore,Vellore,20192,175,19677,340,0,0,0,0,0,,
574,TN,Tamil Nadu,TN_Viluppuram,Viluppuram,14981,97,14774,110,0,0,0,0,0,,
575,TN,Tamil Nadu,TN_Virudhunagar,Virudhunagar,16329,96,16005,228,0,0,0,0,0,,
609,TR,Tripura,TR_Dhalai,Dhalai,3471,9,3443,18,1,0,0,0,0,,
610,TR,Tripura,TR_Gomati,Gomati,3925,5,3875,44,1,0,0,0,0,,
611,TR,Tripura,TR_Khowai,Khowai,1835,7,1797,31,0,0,0,0,0,,
612,TR,Tripura,TR_North Tripura,North Tripura,2754,16,2715,16,7,0,0,0,0,,
613,TR,Tripura,TR_Sipahijala,Sipahijala,2876,6,2833,37,0,0,0,0,0,,
614,TR,Tripura,TR_South Tripura,South Tripura,4051,23,4002,23,3,0,0,0,0,,
615,TR,Tripura,TR_Unokoti,Unokoti,2766,7,2736,23,0,0,0,0,0,,
616,TR,Tripura,TR_West Tripura,West Tripura,11577,65,11311,190,11,0,0,0,0,,
617,UP,Uttar Pradesh,UP_Agra,Agra,10227,176,9881,170,0,0,0,0,0,,
618,UP,Uttar Pradesh,UP_Aligarh,Aligarh,11164,142,10967,55,0,0,0,0,0,,
619,UP,Uttar Pradesh,UP_Ambedkar Nagar,Ambedkar Nagar,1860,50,1767,43,0,0,0,0,0,,
620,UP,Uttar Pradesh,UP_Amethi,Amethi,3592,104,3451,37,0,0,0,0,0,,
621,UP,Uttar Pradesh,UP_Amroha,Amroha,4228,69,4109,50,0,0,0,0,0,,
622,UP,Uttar Pradesh,UP_Auraiya,Auraiya,3472,77,3349,46,0,0,0,0,0,,
765,UP,Uttar Pradesh,UP_Ayodhya,Ayodhya,7884,167,7606,111,0,0,0,0,0,,
623,UP,Uttar Pradesh,UP_Azamgarh,Azamgarh,5969,139,5736,94,0,0,0,0,0,,
624,UP,Uttar Pradesh,UP_Baghpat,Baghpat,2278,55,2189,34,0,0,0,0,0,,
625,UP,Uttar Pradesh,UP_Bahraich,Bahraich,4054,65,3915,74,0,0,0,0,0,,
626,UP,Uttar Pradesh,UP_Ballia,Ballia,7765,168,7493,104,0,0,0,0,0,,
627,UP,Uttar Pradesh,UP_Balrampur,Balrampur,2090,88,1969,33,0,0,0,0,0,,
628,UP,Uttar Pradesh,UP_Banda,Banda,3722,102,3580,40,0,0,0,0,0,,
629,UP,Uttar Pradesh,UP_Barabanki,Barabanki,7668,70,7498,100,0,0,0,0,0,,
630,UP,Uttar Pradesh,UP_Bareilly,Bareilly,14056,391,13504,161,0,0,0,0,0,,
631,UP,Uttar Pradesh,UP_Basti,Basti,5025,58,4870,97,0,0,0,0,0,,
632,UP,Uttar Pradesh,UP_Bhadohi,Bhadohi,2206,86,2099,21,0,0,0,0,0,,
633,UP,Uttar Pradesh,UP_Bijnor,Bijnor,4265,116,4090,59,0,0,0,0,0,,
634,UP,Uttar Pradesh,UP_Budaun,Budaun,3835,46,3744,45,0,0,0,0,0,,
635,UP,Uttar Pradesh,UP_Bulandshahr,Bulandshahr,6079,168,5820,91,0,0,0,0,0,,
636,UP,Uttar Pradesh,UP_Chandauli,Chandauli,4702,130,4513,59,0,0,0,0,0,,
637,UP,Uttar Pradesh,UP_Chitrakoot,Chitrakoot,2144,37,2093,14,0,0,0,0,0,,
638,UP,Uttar Pradesh,UP_Deoria,Deoria,6698,98,6508,92,0,0,0,0,0,,
639,UP,Uttar Pradesh,UP_Etah,Etah,2505,75,2403,27,0,0,0,0,0,,
640,UP,Uttar Pradesh,UP_Etawah,Etawah,5718,136,5478,104,0,0,0,0,0,,
642,UP,Uttar Pradesh,UP_Farrukhabad,Farrukhabad,4597,61,4453,83,0,0,0,0,0,,
643,UP,Uttar Pradesh,UP_Fatehpur,Fatehpur,3767,137,3564,66,0,0,0,0,0,,
644,UP,Uttar Pradesh,UP_Firozabad,Firozabad,3810,37,3705,68,0,0,0,0,0,,
645,UP,Uttar Pradesh,UP_Gautam Buddha Nagar,Gautam Buddha Nagar,24917,423,24404,90,0,0,0,0,0,,
646,UP,Uttar Pradesh,UP_Ghaziabad,Ghaziabad,26031,438,25491,102,0,0,0,0,0,,
647,UP,Uttar Pradesh,UP_Ghazipur,Ghazipur,5116,84,4949,83,0,0,0,0,0,,
648,UP,Uttar Pradesh,UP_Gonda,Gonda,5021,60,4894,67,0,0,0,0,0,,
649,UP,Uttar Pradesh,UP_Gorakhpur,Gorakhpur,20960,253,20367,340,0,0,0,0,0,,
650,UP,Uttar Pradesh,UP_Hamirpur,Hamirpur,1566,18,1527,21,0,0,0,0,0,,
651,UP,Uttar Pradesh,UP_Hapur,Hapur,4310,110,4132,68,0,0,0,0,0,,
652,UP,Uttar Pradesh,UP_Hardoi,Hardoi,5815,116,5593,106,0,0,0,0,0,,
653,UP,Uttar Pradesh,UP_Hathras,Hathras,1285,12,1266,7,0,0,0,0,0,,
654,UP,Uttar Pradesh,UP_Jalaun,Jalaun,3908,96,3766,46,0,0,0,0,0,,
655,UP,Uttar Pradesh,UP_Jaunpur,Jaunpur,6578,175,6306,97,0,0,0,0,0,,
656,UP,Uttar Pradesh,UP_Jhansi,Jhansi,10104,166,9760,178,0,0,0,0,0,,
657,UP,Uttar Pradesh,UP_Kannauj,Kannauj,3454,32,3375,47,0,0,0,0,0,,
658,UP,Uttar Pradesh,UP_Kanpur Dehat,Kanpur Dehat,2095,66,1995,34,0,0,0,0,0,,
659,UP,Uttar Pradesh,UP_Kanpur Nagar,Kanpur Nagar,32256,530,30904,822,0,0,0,0,0,,
660,UP,Uttar Pradesh,UP_Kasganj,Kasganj,1938,58,1874,6,0,0,0,0,0,,
661,UP,Uttar Pradesh,UP_Kaushambi,Kaushambi,2257,20,2211,26,0,0,0,0,0,,
663,UP,Uttar Pradesh,UP_Kushinagar,Kushinagar,5628,67,5500,61,0,0,0,0,0,,
662,UP,Uttar Pradesh,UP_Lakhimpur Kheri,Lakhimpur Kheri,7497,134,7275,88,0,0,0,0,0,,
664,UP,Uttar Pradesh,UP_Lalitpur,Lalitpur,3309,73,3190,46,0,0,0,0,0,,
665,UP,Uttar Pradesh,UP_Lucknow,Lucknow,78257,2806,74340,1111,0,0,0,0,0,,
667,UP,Uttar Pradesh,UP_Maharajganj,Maharajganj,5766,24,5652,90,0,0,0,0,0,,
666,UP,Uttar Pradesh,UP_Mahoba,Mahoba,1454,32,1411,11,0,0,0,0,0,,
668,UP,Uttar Pradesh,UP_Mainpuri,Mainpuri,3742,88,3581,73,0,0,0,0,0,,
669,UP,Uttar Pradesh,UP_Mathura,Mathura,6669,172,6388,109,0,0,0,0,0,,
670,UP,Uttar Pradesh,UP_Mau,Mau,3039,38,2962,39,0,0,0,0,0,,
671,UP,Uttar Pradesh,UP_Meerut,Meerut,21696,1075,20194,427,0,0,0,0,0,,
672,UP,Uttar Pradesh,UP_Mirzapur,Mirzapur,3389,141,3206,42,0,0,0,0,0,,
673,UP,Uttar Pradesh,UP_Moradabad,Moradabad,11624,290,11158,176,0,0,0,0,0,,
674,UP,Uttar Pradesh,UP_Muzaffarnagar,Muzaffarnagar,8236,294,7840,102,0,0,0,0,0,,
675,UP,Uttar Pradesh,UP_Pilibhit,Pilibhit,4137,62,3998,77,0,0,0,0,0,,
676,UP,Uttar Pradesh,UP_Pratapgarh,Pratapgarh,5272,128,5077,67,0,0,0,0,0,,
677,UP,Uttar Pradesh,UP_Prayagraj,Prayagraj,28346,586,27374,386,0,0,0,0,0,,
678,UP,Uttar Pradesh,UP_Rae Bareli,Rae Bareli,5217,226,4885,106,0,0,0,0,0,,
679,UP,Uttar Pradesh,UP_Rampur,Rampur,5386,68,5266,52,0,0,0,0,0,,
680,UP,Uttar Pradesh,UP_Saharanpur,Saharanpur,9737,376,9228,133,0,0,0,0,0,,
681,UP,Uttar Pradesh,UP_Sambhal,Sambhal,3171,173,2954,44,0,0,0,0,0,,
682,UP,Uttar Pradesh,UP_Sant Kabir Nagar,Sant Kabir Nagar,3249,46,3159,44,0,0,0,0,0,,
683,UP,Uttar Pradesh,UP_Shahjahanpur,Shahjahanpur,6816,80,6625,111,0,0,0,0,0,,
684,UP,Uttar Pradesh,UP_Shamli,Shamli,3540,36,3475,29,0,0,0,0,0,,
685,UP,Uttar Pradesh,UP_Shrawasti,Shrawasti,1302,36,1248,18,0,0,0,0,0,,
686,UP,Uttar Pradesh,UP_Siddharthnagar,Siddharthnagar,3977,37,3889,51,0,0,0,0,0,,
687,UP,Uttar Pradesh,UP_Sitapur,Sitapur,4742,103,4563,76,0,0,0,0,0,,
688,UP,Uttar Pradesh,UP_Sonbhadra,Sonbhadra,5004,171,4761,72,0,0,0,0,0,,
689,UP,Uttar Pradesh,UP_Sultanpur,Sultanpur,4784,216,4492,76,0,0,0,0,0,,
690,UP,Uttar Pradesh,UP_Unnao,Unnao,4478,174,4221,83,0,0,0,0,0,,
691,UP,Uttar Pradesh,UP_Varanasi,Varanasi,22511,698,21379,434,0,0,0,0,0,,
692,UT,Uttarakhand,UT_Almora,Almora,3050,189,2744,24,93,0,0,0,0,,
693,UT,Uttarakhand,UT_Bageshwar,Bageshwar,1494,154,1322,18,0,0,0,0,0,,
694,UT,Uttarakhand,UT_Chamoli,Chamoli,3374,151,3143,15,65,0,0,0,0,,
695,UT,Uttarakhand,UT_Champawat,Champawat,1712,109,1521,8,74,0,0,0,0,,
696,UT,Uttarakhand,UT_Dehradun,Dehradun,27174,1556,24366,843,409,0,0,0,0,,
697,UT,Uttarakhand,UT_Haridwar,Haridwar,13363,404,12687,147,125,0,0,0,0,,
698,UT,Uttarakhand,UT_Nainital,Nainital,11216,956,9998,204,58,0,0,0,0,,
699,UT,Uttarakhand,UT_Pauri Garhwal,Pauri Garhwal,4982,221,4680,57,24,0,0,0,0,,
700,UT,Uttarakhand,UT_Pithoragarh,Pithoragarh,3204,431,2736,37,0,0,0,0,0,,
701,UT,Uttarakhand,UT_Rudraprayag,Rudraprayag,2199,92,2091,10,6,0,0,0,0,,
702,UT,Uttarakhand,UT_Tehri Garhwal,Tehri Garhwal,4123,263,3717,16,127,0,0,0,0,,
703,UT,Uttarakhand,UT_Udham Singh Nagar,Udham Singh Nagar,11076,160,10697,109,110,0,0,0,0,,
704,UT,Uttarakhand,UT_Uttarkashi,Uttarkashi,3649,277,3265,16,91,0,0,0,0,,
705,WB,West Bengal,WB_Alipurduar,Alipurduar,7632,51,7496,85,0,0,0,0,0,,
706,WB,West Bengal,WB_Bankura,Bankura,11357,359,10908,90,0,0,0,0,0,,
707,WB,West Bengal,WB_Birbhum,Birbhum,9563,260,9219,84,0,0,0,0,0,,
708,WB,West Bengal,WB_Cooch Behar,Cooch Behar,11657,262,11323,72,0,0,0,0,0,,
709,WB,West Bengal,WB_Dakshin Dinajpur,Dakshin Dinajpur,8078,63,7942,73,0,0,0,0,0,,
710,WB,West Bengal,WB_Darjeeling,Darjeeling,17785,503,17085,197,0,0,0,0,0,,
711,WB,West Bengal,WB_Hooghly,Hooghly,28450,809,27185,456,0,0,0,0,0,,
712,WB,West Bengal,WB_Howrah,Howrah,34563,699,32863,1001,0,0,0,0,0,,
713,WB,West Bengal,WB_Jalpaiguri,Jalpaiguri,14338,396,13787,155,0,0,0,0,0,,
714,WB,West Bengal,WB_Jhargram,Jhargram,2959,33,2904,22,0,0,0,0,0,,
715,WB,West Bengal,WB_Kalimpong,Kalimpong,2161,52,2086,23,0,0,0,0,0,,
716,WB,West Bengal,WB_Kolkata,Kolkata,123033,2837,117251,2945,0,0,0,0,0,,
717,WB,West Bengal,WB_Malda,Malda,12465,289,12065,111,0,0,0,0,0,,
719,WB,West Bengal,WB_Murshidabad,Murshidabad,11926,311,11469,146,0,0,0,0,0,,
720,WB,West Bengal,WB_Nadia,Nadia,21622,685,20652,285,0,0,0,0,0,,
721,WB,West Bengal,WB_North 24 Parganas,North 24 Parganas,116441,2070,112046,2325,0,0,0,0,0,,
0,WB,West Bengal,WB_Other State,Other State,66,0,63,3,0,0,0,0,0,,
722,WB,West Bengal,WB_Paschim Bardhaman,Paschim Bardhaman,15401,552,14697,152,0,0,0,0,0,,
718,WB,West Bengal,WB_Paschim Medinipur,Paschim Medinipur,19807,455,19056,296,0,0,0,0,0,,
723,WB,West Bengal,WB_Purba Bardhaman,Purba Bardhaman,12225,250,11880,95,0,0,0,0,0,,
724,WB,West Bengal,WB_Purba Medinipur,Purba Medinipur,20041,534,19235,272,0,0,0,0,0,,
725,WB,West Bengal,WB_Purulia,Purulia,6927,318,6562,47,0,0,0,0,0,,
726,WB,West Bengal,WB_South 24 Parganas,South 24 Parganas,35959,419,34864,676,0,0,0,0,0,,
727,WB,West Bengal,WB_Uttar Dinajpur,Uttar Dinajpur,6437,174,6191,72,0,0,0,0,0,,
728,AN,Andaman and Nicobar Islands,AN_Unknown,Unknown,4889,40,4787,62,0,0,0,0,0,,
729,AP,Andhra Pradesh,AP_Unknown,Unknown,0,0,0,0,0,0,0,0,0,,
730,AR,Arunachal Pradesh,AR_Unknown,Unknown,0,0,0,0,0,0,0,0,0,,
731,AS,Assam,AS_Unknown,Unknown,101696,-64469,165912,250,3,0,0,0,0,,
732,BR,Bihar,BR_Unknown,Unknown,0,0,0,0,0,0,0,0,0,,
733,CH,Chandigarh,CH_Unknown,Unknown,0,0,0,0,0,0,0,0,0,,
734,CT,Chhattisgarh,CT_Unknown,Unknown,0,0,0,0,0,0,0,0,0,,
735,DN,Dadra and Nagar Haveli and Daman and Diu,DN_Unknown,Unknown,0,0,0,0,0,0,0,0,0,,
737,DL,Delhi,DL_Unknown,Unknown,624007,5051,608434,10522,0,0,0,0,0,,
738,GA,Goa,GA_Unknown,Unknown,44602,-2695,46752,545,0,0,0,0,0,,
739,GJ,Gujarat,GJ_Unknown,Unknown,0,0,0,0,0,0,0,0,0,,
740,HR,Haryana,HR_Unknown,Unknown,0,0,0,0,0,0,0,0,0,,
741,HP,Himachal Pradesh,HP_Unknown,Unknown,0,0,0,0,0,0,0,0,0,,
742,JK,Jammu and Kashmir,JK_Unknown,Unknown,0,0,0,0,0,0,0,0,0,,
743,JH,Jharkhand,JH_Unknown,Unknown,0,0,0,0,0,0,0,0,0,,
744,KA,Karnataka,KA_Unknown,Unknown,0,0,0,0,0,0,0,0,0,,
745,KL,Kerala,KL_Unknown,Unknown,0,0,0,0,0,0,0,0,0,,
746,LA,Ladakh,LA_Unknown,Unknown,0,0,0,0,0,0,0,0,0,,
747,LD,Lakshadweep,LD_Unknown,Unknown,0,0,0,0,0,0,0,0,0,,
748,MP,Madhya Pradesh,MP_Unknown,Unknown,0,0,0,0,0,0,0,0,0,,
749,MH,Maharashtra,MH_Unknown,Unknown,0,0,0,0,0,0,0,0,0,,
750,MN,Manipur,MN_Unknown,Unknown,1380,-23354,24675,59,0,0,0,0,0,,
751,ML,Meghalaya,ML_Unknown,Unknown,0,0,0,0,0,0,0,0,0,,
752,MZ,Mizoram,MZ_Unknown,Unknown,0,0,0,0,0,0,0,0,0,,
753,NL,Nagaland,NL_Unknown,Unknown,0,0,0,0,0,0,0,0,0,,
754,OR,Odisha,OR_Unknown,Unknown,0,0,0,0,0,0,0,0,0,,
755,PY,Puducherry,PY_Unknown,Unknown,0,0,0,0,0,0,0,0,0,,
756,PB,Punjab,PB_Unknown,Unknown,0,0,0,0,0,0,0,0,0,,
757,RJ,Rajasthan,RJ_Unknown,Unknown,0,0,0,0,0,0,0,0,0,,
758,SK,Sikkim,SK_Unknown,Unknown,3801,-346,3929,124,94,0,0,0,0,,
759,TN,Tamil Nadu,TN_Unknown,Unknown,0,0,0,0,0,0,0,0,0,,
760,TG,Telangana,TG_Unknown,Unknown,496,-278984,277972,1508,0,0,0,0,0,,
761,TR,Tripura,TR_Unknown,Unknown,0,0,0,0,0,0,0,0,0,,
762,UP,Uttar Pradesh,UP_Unknown,Unknown,0,0,0,0,0,0,0,0,0,,
763,UT,Uttarakhand,UT_Unknown,Unknown,0,0,0,0,0,0,0,0,0,,
764,WB,West Bengal,WB_Unknown,Unknown,0,0,0,0,0,0,0,0,0,,